cluster_id,latitude,longitude,first_seen,last_seen,detection_count,avg_frp,max_frp,days_detected,persistence
0,8.42284,80.19805,2026-08-25 07:44:00,2026-08-25 07:44:00,1,3.15,3.15,1,Transient
1,10.77575,78.88298,2026-08-25 20:19:00,2026-08-25 20:19:00,1,1.6,1.6,1,Transient
2,11.268143333333333,80.00345166666666,2026-08-25 20:19:00,2026-09-22 19:53:00,6,3.0966666666666662,7.53,6,Recurring
3,12.2171,79.00295,2026-08-25 20:19:00,2026-08-25 20:19:00,1,0.9,0.9,1,Transient
4,12.91749,79.11784,2026-08-25 20:19:00,2026-08-25 20:19:00,1,0.7,0.7,1,Transient
5,8.479949999999999,80.36339,2026-08-26 07:26:00,2026-08-26 07:26:00,2,10.26,10.44,1,Transient
6,8.84246,80.37051,2026-08-26 07:26:00,2026-08-26 07:26:00,1,7.96,7.96,1,Transient
7,8.9117,80.47472,2026-08-26 07:26:00,2026-08-26 07:26:00,1,11.6,11.6,1,Transient
8,9.23741,80.32394,2026-08-26 07:26:00,2026-08-26 07:26:00,1,1.76,1.76,1,Transient
9,9.27424,80.15481,2026-08-26 07:26:00,2026-08-26 07:26:00,1,2.74,2.74,1,Transient
10,9.34347,80.16696,2026-08-26 07:26:00,2026-08-26 07:26:00,1,6.12,6.12,1,Transient
11,9.393338,78.886636,2026-08-26 07:26:00,2026-09-05 07:37:00,5,4.298,4.69,2,Recurring
12,9.42431125,80.39488874999999,2026-08-26 07:26:00,2026-09-10 07:44:00,24,9.203333333333333,24.67,9,Persistent
13,9.44243,80.49594,2026-08-26 07:26:00,2026-08-26 07:26:00,1,5.77,5.77,1,Transient
14,9.455733333333333,80.49375333333334,2026-08-26 07:26:00,2026-08-26 07:26:00,3,17.003333333333334,18.95,1,Transient
15,10.38894,79.17622,2026-08-26 07:26:00,2026-08-26 07:26:00,1,5.0,5.0,1,Transient
16,11.74077,78.97653,2026-08-26 07:26:00,2026-08-26 07:26:00,1,3.99,3.99,1,Transient
17,11.7447,79.05466,2026-08-26 07:26:00,2026-08-26 07:26:00,1,1.51,1.51,1,Transient
18,11.812731,77.919006,2026-08-26 20:00:00,2026-09-07 19:36:00,10,2.316,3.41,5,Recurring
19,9.408809999999999,80.41947555555555,2026-08-27 07:07:00,2026-09-12 07:07:00,9,11.636666666666665,29.65,5,Recurring
20,9.08281,77.96626,2026-08-27 08:48:00,2026-08-27 08:48:00,1,3.55,3.55,1,Transient
21,9.186689999999999,77.639015,2026-08-27 08:48:00,2026-08-27 08:48:00,2,1.045,1.26,1,Transient
22,9.20528,77.94084,2026-08-27 08:48:00,2026-08-27 08:48:00,2,6.869999999999999,9.27,1,Transient
23,9.38556,77.56399,2026-08-27 08:48:00,2026-08-27 08:48:00,1,4.92,4.92,1,Transient
24,9.39247,80.4873,2026-08-27 08:48:00,2026-08-27 08:48:00,1,11.0,11.0,1,Transient
25,9.91148,78.28306,2026-08-27 08:48:00,2026-08-27 08:48:00,1,3.22,3.22,1,Transient
26,10.05289,77.95028,2026-08-27 08:48:00,2026-08-27 08:48:00,1,11.04,11.04,1,Transient
27,10.87824,77.60252,2026-08-27 08:48:00,2026-08-27 08:48:00,1,1.69,1.69,1,Transient
28,10.97389,77.72894,2026-08-27 08:48:00,2026-08-27 08:48:00,1,4.69,4.69,1,Transient
29,8.389395,80.18483,2026-08-28 08:28:00,2026-09-02 08:35:00,2,2.88,3.06,2,Transient
30,8.49315,80.21699,2026-08-28 08:28:00,2026-08-28 08:28:00,1,5.37,5.37,1,Transient
31,8.56303,78.080325,2026-08-28 08:28:00,2026-09-13 08:28:00,2,3.09,4.24,2,Transient
32,8.606053333333334,80.47096166666667,2026-08-28 08:28:00,2026-09-03 08:16:00,6,13.891666666666666,29.81,2,Recurring
33,8.60969,77.83566,2026-08-28 08:28:00,2026-08-28 08:28:00,1,6.03,6.03,1,Transient
34,8.71279,77.97305,2026-08-28 08:28:00,2026-08-28 08:28:00,1,7.52,7.52,1,Transient
35,8.809645,80.018415,2026-08-28 08:28:00,2026-08-28 08:28:00,2,5.654999999999999,5.76,1,Transient
36,8.85495,80.46632,2026-08-28 08:28:00,2026-08-28 08:28:00,1,7.05,7.05,1,Transient
37,8.861145,77.992535,2026-08-28 08:28:00,2026-08-28 08:28:00,2,3.755,3.92,1,Transient
38,8.99345,77.86612,2026-08-28 08:28:00,2026-08-28 08:28:00,1,4.63,4.63,1,Transient
39,9.05433,80.49529,2026-08-28 08:28:00,2026-08-28 08:28:00,1,8.53,8.53,1,Transient
40,9.06493,77.68907,2026-08-28 08:28:00,2026-08-28 08:28:00,1,4.13,4.13,1,Transient
41,9.077005,77.57130000000001,2026-08-28 08:28:00,2026-08-28 08:28:00,2,4.465,4.9,1,Transient
42,9.18652,77.78751,2026-08-28 08:28:00,2026-08-28 08:28:00,1,15.58,15.58,1,Transient
43,9.26581,77.91255,2026-08-28 08:28:00,2026-08-28 08:28:00,1,5.95,5.95,1,Transient
44,9.279253333333333,78.39479,2026-08-28 08:28:00,2026-08-28 08:28:00,3,4.03,4.12,1,Transient
45,9.33282,78.42058,2026-08-28 08:28:00,2026-08-28 08:28:00,1,6.56,6.56,1,Transient
46,9.37102,77.52661,2026-08-28 08:28:00,2026-08-28 08:28:00,1,3.24,3.24,1,Transient
47,9.37401,78.6227,2026-08-28 08:28:00,2026-08-28 08:28:00,1,5.53,5.53,1,Transient
48,9.408653333333334,78.81116666666667,2026-08-28 08:28:00,2026-09-03 08:16:00,3,3.7099999999999995,5.62,2,Transient
49,9.41819,77.509485,2026-08-28 08:28:00,2026-08-31 07:31:00,2,2.95,3.45,2,Transient
50,9.534335,78.18629,2026-08-28 08:28:00,2026-08-28 08:28:00,2,9.594999999999999,11.28,1,Transient
51,9.55345,78.51564,2026-08-28 08:28:00,2026-08-28 08:28:00,1,54.45,54.45,1,Transient
52,9.68469,78.36857,2026-08-28 08:28:00,2026-08-28 08:28:00,1,13.95,13.95,1,Transient
53,9.71987,77.97552,2026-08-28 08:28:00,2026-08-28 08:28:00,1,8.76,8.76,1,Transient
54,9.8426,78.13952,2026-08-28 08:28:00,2026-08-28 08:28:00,1,6.3,6.3,1,Transient
55,9.88012,78.4716,2026-08-28 08:28:00,2026-08-28 08:28:00,1,2.73,2.73,1,Transient
56,10.03975,77.97247,2026-08-28 08:28:00,2026-08-28 08:28:00,1,5.07,5.07,1,Transient
57,10.44864,79.65552,2026-08-28 08:28:00,2026-08-28 08:28:00,1,3.77,3.77,1,Transient
58,10.531825000000001,78.34364500000001,2026-08-28 08:28:00,2026-08-28 08:28:00,2,3.665,4.64,1,Transient
59,11.16639,78.01994,2026-08-28 08:28:00,2026-08-28 08:28:00,1,3.13,3.13,1,Transient
60,11.23093,78.85033,2026-08-28 08:28:00,2026-08-28 08:28:00,1,1.73,1.73,1,Transient
61,11.09134,76.9546,2026-08-28 08:30:00,2026-08-28 08:30:00,1,5.04,5.04,1,Transient
62,11.483830000000001,79.03784,2026-08-28 08:30:00,2026-08-28 08:30:00,2,2.185,2.53,1,Transient
63,12.41271,77.18036,2026-08-28 08:30:00,2026-08-28 08:30:00,1,6.76,6.76,1,Transient
64,12.65077,79.52586,2026-08-28 08:30:00,2026-08-28 08:30:00,1,18.17,18.17,1,Transient
65,13.32397,76.02139,2026-08-28 08:30:00,2026-08-28 08:30:00,1,6.95,6.95,1,Transient
66,8.03799,80.01488,2026-08-29 08:09:00,2026-08-29 08:09:00,1,4.84,4.84,1,Transient
67,8.606932857142857,77.96765571428571,2026-08-29 08:09:00,2026-09-16 07:31:00,7,9.955714285714285,22.28,6,Recurring
68,8.648959999999999,80.380055,2026-08-29 08:09:00,2026-09-11 07:26:00,2,2.575,2.77,2,Transient
69,8.64932,77.84006,2026-08-29 08:09:00,2026-08-29 08:09:00,1,3.29,3.29,1,Transient
70,8.694526666666667,80.35325666666667,2026-08-29 08:09:00,2026-09-02 08:35:00,3,5.05,6.39,2,Transient
71,8.75016,78.08366,2026-08-29 08:09:00,2026-08-29 08:09:00,1,6.22,6.22,1,Transient
72,8.75985,77.6738,2026-08-29 08:09:00,2026-08-29 08:09:00,1,1.58,1.58,1,Transient
73,8.850295,80.384525,2026-08-29 08:09:00,2026-08-31 07:31:00,2,5.95,8.64,2,Transient
74,8.85074,80.42461,2026-08-29 08:09:00,2026-08-29 08:09:00,1,3.26,3.26,1,Transient
75,8.8745,77.98587,2026-08-29 08:09:00,2026-08-29 08:09:00,1,5.31,5.31,1,Transient
76,8.914385,80.441615,2026-08-29 08:09:00,2026-09-09 08:03:00,2,9.205,9.58,2,Transient
77,8.91563,80.428358,2026-08-29 08:09:00,2026-09-06 07:20:00,5,8.476,18.71,4,Recurring
78,8.93622,80.39043000000001,2026-08-29 08:09:00,2026-08-29 08:09:00,2,5.015,5.68,1,Transient
79,8.96052,77.90134,2026-08-29 08:09:00,2026-08-29 08:09:00,1,2.91,2.91,1,Transient
80,9.0225,80.17139499999999,2026-08-29 08:09:00,2026-09-01 07:14:00,2,6.37,6.69,2,Transient
81,9.178975000000001,80.468525,2026-08-29 08:09:00,2026-08-29 08:09:00,2,8.73,8.73,1,Transient
82,9.24698,80.31161,2026-08-29 08:09:00,2026-08-29 08:09:00,1,4.14,4.14,1,Transient
83,9.407366999999999,80.462605,2026-08-29 08:09:00,2026-09-10 07:44:00,10,9.654,12.91,5,Recurring
84,9.41414,80.44216,2026-08-29 08:09:00,2026-08-29 08:09:00,1,5.16,5.16,1,Transient
85,9.42272,78.75917,2026-08-29 08:09:00,2026-08-29 08:09:00,1,3.76,3.76,1,Transient
86,9.43546,80.3385,2026-08-29 08:09:00,2026-08-29 08:09:00,1,6.99,6.99,1,Transient
87,9.49544,78.76971,2026-08-29 08:09:00,2026-08-29 08:09:00,1,4.96,4.96,1,Transient
88,9.630265000000001,78.569245,2026-08-29 08:09:00,2026-08-29 08:09:00,2,1.55,1.55,1,Transient
89,9.6353,80.29417,2026-08-29 08:09:00,2026-08-29 08:09:00,1,3.98,3.98,1,Transient
90,9.691125,77.820865,2026-08-29 08:09:00,2026-09-18 08:35:00,2,6.52,7.93,2,Transient
91,9.76454,80.26393,2026-08-29 08:09:00,2026-08-29 08:09:00,1,1.66,1.66,1,Transient
92,9.857575,78.18417,2026-08-29 08:09:00,2026-09-03 08:16:00,2,6.11,9.4,2,Transient
93,9.96644,78.03188,2026-08-29 08:09:00,2026-08-29 08:09:00,1,3.67,3.67,1,Transient
94,9.98556,78.31762,2026-08-29 08:09:00,2026-08-29 08:09:00,1,6.83,6.83,1,Transient
95,10.40263,79.35952,2026-08-29 08:09:00,2026-08-29 08:09:00,1,3.41,3.41,1,Transient
96,10.40814,79.51502,2026-08-29 08:09:00,2026-08-29 08:09:00,1,4.87,4.87,1,Transient
97,10.51079,79.66752,2026-08-29 08:09:00,2026-08-29 08:09:00,1,6.97,6.97,1,Transient
98,10.52717,79.34861,2026-08-29 08:09:00,2026-08-29 08:09:00,1,2.96,2.96,1,Transient
99,10.85161,78.75615,2026-08-29 08:09:00,2026-08-29 08:09:00,1,8.61,8.61,1,Transient
100,10.938093333333333,78.46902999999999,2026-08-29 08:09:00,2026-08-29 20:44:00,3,4.41,6.07,1,Transient
101,10.93779,78.20586,2026-08-29 08:09:00,2026-08-29 08:09:00,1,4.0,4.0,1,Transient
102,10.95573,78.87653,2026-08-29 08:09:00,2026-08-29 08:09:00,1,9.96,9.96,1,Transient
103,10.98005,79.4278,2026-08-29 08:09:00,2026-08-29 08:09:00,1,2.61,2.61,1,Transient
104,11.12129,78.68881,2026-08-29 08:09:00,2026-08-29 08:09:00,1,7.72,7.72,1,Transient
105,11.38602,78.86941,2026-08-29 08:09:00,2026-08-29 08:09:00,1,3.92,3.92,1,Transient
106,11.45934,79.18013,2026-08-29 08:09:00,2026-08-29 08:09:00,1,1.85,1.85,1,Transient
107,11.63834,77.61632,2026-08-29 08:09:00,2026-08-29 08:09:00,1,3.44,3.44,1,Transient
108,12.03393,79.08201,2026-08-29 08:09:00,2026-08-29 08:09:00,2,5.545,6.0,1,Transient
109,12.15724,79.71613,2026-08-29 08:09:00,2026-08-29 08:09:00,1,5.78,5.78,1,Transient
110,12.17844,79.73841,2026-08-29 08:09:00,2026-08-29 08:09:00,2,11.899999999999999,12.19,1,Transient
111,12.46093,79.10439,2026-08-29 08:09:00,2026-08-29 08:09:00,1,2.1,2.1,1,Transient
112,12.62554,77.69179,2026-08-29 08:09:00,2026-08-29 08:09:00,1,2.07,2.07,1,Transient
113,12.78404,79.31249,2026-08-29 08:09:00,2026-08-29 08:09:00,1,8.47,8.47,1,Transient
114,12.81844,79.32784,2026-08-29 08:09:00,2026-08-29 08:09:00,1,2.38,2.38,1,Transient
115,12.8281,79.57608,2026-08-29 08:09:00,2026-08-29 08:09:00,1,9.18,9.18,1,Transient
116,13.38702,78.08879,2026-08-29 08:09:00,2026-08-29 08:09:00,1,1.87,1.87,1,Transient
117,11.58347,77.52039,2026-08-29 20:44:00,2026-08-29 20:44:00,1,1.7,1.7,1,Transient
118,8.67362,78.03297,2026-08-29 20:46:00,2026-08-29 20:46:00,1,1.52,1.52,1,Transient
119,9.30188,77.40331,2026-08-29 20:46:00,2026-08-29 20:46:00,1,0.96,0.96,1,Transient
120,9.755336666666667,77.52002,2026-08-29 20:46:00,2026-08-29 20:46:00,3,4.496666666666666,6.77,1,Transient
121,10.07835,77.31503,2026-08-29 20:46:00,2026-08-29 20:46:00,1,0.23,0.23,1,Transient
122,8.93206,77.96355,2026-08-30 07:50:00,2026-08-30 07:50:00,1,6.73,6.73,1,Transient
123,9.11486,77.77372,2026-08-30 07:50:00,2026-08-30 07:50:00,1,3.44,3.44,1,Transient
124,9.393693333333333,80.43523666666667,2026-08-30 07:50:00,2026-09-08 08:22:00,6,5.973333333333334,8.13,5,Recurring
125,9.4455025,77.6685825,2026-08-30 07:50:00,2026-09-02 08:35:00,4,15.537500000000001,21.3,2,Transient
126,11.81002,77.2115,2026-08-30 07:52:00,2026-08-30 07:52:00,1,11.53,11.53,1,Transient
127,9.666730000000001,77.45609999999999,2026-08-30 20:25:00,2026-08-30 20:25:00,2,0.78,0.88,1,Transient
128,9.977985,76.37635,2026-08-30 20:25:00,2026-09-04 20:32:00,2,1.2999999999999998,1.63,2,Transient
129,10.1045,77.46542,2026-08-30 20:25:00,2026-08-30 20:25:00,1,0.59,0.59,1,Transient
130,11.181826666666666,79.10076333333333,2026-08-30 20:25:00,2026-09-09 20:38:00,6,1.3433333333333335,2.15,4,Recurring
131,8.034099999999999,80.19373,2026-08-31 07:31:00,2026-08-31 07:31:00,2,16.795,17.47,1,Transient
132,8.03635,80.40153,2026-08-31 07:31:00,2026-08-31 07:31:00,1,4.72,4.72,1,Transient
133,8.130040000000001,80.14754,2026-08-31 07:31:00,2026-08-31 07:31:00,2,4.32,4.73,1,Transient
134,8.19619,77.55958,2026-08-31 07:31:00,2026-08-31 07:31:00,1,3.4,3.4,1,Transient
135,8.22025,80.20634,2026-08-31 07:31:00,2026-08-31 07:31:00,1,2.74,2.74,1,Transient
136,8.33914,80.21149,2026-08-31 07:31:00,2026-08-31 07:31:00,1,11.28,11.28,1,Transient
137,8.34743,80.20525,2026-08-31 07:31:00,2026-08-31 07:31:00,1,17.86,17.86,1,Transient
138,8.383918,80.15973,2026-08-31 07:31:00,2026-09-14 08:09:00,5,11.844,14.97,2,Recurring
139,8.392325,80.38155499999999,2026-08-31 07:31:00,2026-08-31 07:31:00,2,7.370000000000001,10.55,1,Transient
140,8.4180375,80.3172675,2026-08-31 07:31:00,2026-09-11 07:26:00,4,5.452500000000001,7.71,3,Transient
141,8.43551,80.33078,2026-08-31 07:31:00,2026-08-31 07:31:00,1,4.88,4.88,1,Transient
142,8.444153333333333,80.19419333333333,2026-08-31 07:31:00,2026-09-08 08:22:00,3,7.913333333333333,9.42,3,Transient
143,8.59065,80.41304,2026-08-31 07:31:00,2026-08-31 07:31:00,1,7.92,7.92,1,Transient
144,8.62999,80.38696999999999,2026-08-31 07:31:00,2026-09-05 07:37:00,2,9.2,9.6,2,Transient
145,8.68145,80.28164,2026-08-31 07:31:00,2026-08-31 07:31:00,1,6.77,6.77,1,Transient
146,8.71056,80.42584,2026-08-31 07:31:00,2026-08-31 07:31:00,1,9.1,9.1,1,Transient
147,8.73938,77.75655,2026-08-31 07:31:00,2026-08-31 07:31:00,1,3.62,3.62,1,Transient
148,8.80248,80.43476,2026-08-31 07:31:00,2026-08-31 07:31:00,1,5.73,5.73,1,Transient
149,8.90189,80.48717,2026-08-31 07:31:00,2026-08-31 07:31:00,1,5.56,5.56,1,Transient
150,8.93458,77.4248,2026-08-31 07:31:00,2026-08-31 07:31:00,1,2.81,2.81,1,Transient
151,8.958315,77.42724000000001,2026-08-31 07:31:00,2026-08-31 07:31:00,2,6.73,7.03,1,Transient
152,9.02162,80.11128,2026-08-31 07:31:00,2026-08-31 07:31:00,1,8.25,8.25,1,Transient
153,9.04075,80.45049,2026-08-31 07:31:00,2026-08-31 07:31:00,1,8.69,8.69,1,Transient
154,9.185144999999999,80.30483000000001,2026-08-31 07:31:00,2026-08-31 07:31:00,2,5.7299999999999995,7.77,1,Transient
155,9.20535,78.30312,2026-08-31 07:31:00,2026-08-31 07:31:00,1,1.84,1.84,1,Transient
156,9.22205,78.65817,2026-08-31 07:31:00,2026-08-31 07:31:00,1,1.05,1.05,1,Transient
157,9.30883,80.43028,2026-08-31 07:31:00,2026-08-31 07:31:00,1,5.16,5.16,1,Transient
158,9.42924,80.39275,2026-08-31 07:31:00,2026-08-31 07:31:00,1,10.52,10.52,1,Transient
159,9.45056,80.39809,2026-08-31 07:31:00,2026-08-31 07:31:00,2,3.02,3.02,1,Transient
160,9.52986,78.55909,2026-08-31 07:31:00,2026-08-31 07:31:00,1,10.57,10.57,1,Transient
161,9.6418,77.65417,2026-08-31 07:31:00,2026-08-31 07:31:00,1,2.09,2.09,1,Transient
162,9.656275,77.648095,2026-08-31 07:31:00,2026-08-31 07:31:00,2,5.865,7.4,1,Transient
163,9.71414,78.92452,2026-08-31 07:31:00,2026-08-31 07:31:00,1,2.93,2.93,1,Transient
164,9.7306,78.41191,2026-08-31 07:31:00,2026-08-31 07:31:00,1,2.59,2.59,1,Transient
165,9.76943,78.36863,2026-08-31 07:31:00,2026-08-31 07:31:00,1,3.13,3.13,1,Transient
166,9.8097,77.88875,2026-08-31 07:31:00,2026-08-31 07:31:00,1,4.27,4.27,1,Transient
167,10.04896,78.97438,2026-08-31 07:31:00,2026-08-31 07:31:00,1,8.45,8.45,1,Transient
168,11.39743,78.70004,2026-08-31 07:31:00,2026-08-31 07:31:00,1,14.75,14.75,1,Transient
169,12.1731,79.82799,2026-08-31 07:31:00,2026-08-31 07:31:00,1,8.65,8.65,1,Transient
170,12.58453,79.64104,2026-08-31 07:31:00,2026-08-31 07:31:00,1,1.87,1.87,1,Transient
171,12.70339,79.7732,2026-08-31 07:31:00,2026-08-31 07:31:00,1,6.14,6.14,1,Transient
172,12.81064,76.9621,2026-08-31 07:33:00,2026-08-31 07:33:00,1,5.58,5.58,1,Transient
173,13.29946,79.8628,2026-08-31 07:33:00,2026-08-31 07:33:00,1,2.73,2.73,1,Transient
174,13.319320000000001,79.927695,2026-08-31 07:33:00,2026-08-31 07:33:00,2,6.685,7.56,1,Transient
175,13.38021,79.70301,2026-08-31 07:33:00,2026-08-31 07:33:00,1,4.52,4.52,1,Transient
176,13.41108,80.26926,2026-08-31 07:33:00,2026-08-31 07:33:00,1,1.98,1.98,1,Transient
177,13.46564,79.86813,2026-08-31 07:33:00,2026-08-31 07:33:00,1,10.54,10.54,1,Transient
178,12.8057,77.43355500000001,2026-08-31 20:06:00,2026-09-05 20:14:00,2,1.325,1.99,2,Transient
179,13.04406,77.66707,2026-08-31 20:06:00,2026-08-31 20:06:00,1,0.53,0.53,1,Transient
180,13.391813333333332,80.10117666666666,2026-08-31 20:06:00,2026-09-16 20:06:00,3,1.4066666666666665,2.02,3,Transient
181,13.39185,80.07369,2026-08-31 20:06:00,2026-08-31 20:06:00,1,1.15,1.15,1,Transient
182,8.11107,79.86932,2026-08-31 20:08:00,2026-08-31 20:08:00,1,1.7,1.7,1,Transient
183,8.17575,80.37391,2026-08-31 20:08:00,2026-08-31 20:08:00,1,1.19,1.19,1,Transient
184,8.46689,80.25317,2026-08-31 20:08:00,2026-08-31 20:08:00,1,0.63,0.63,1,Transient
185,8.741105000000001,78.09175,2026-08-31 20:08:00,2026-08-31 20:08:00,2,0.9099999999999999,0.94,1,Transient
186,8.86698,78.1198,2026-08-31 20:08:00,2026-08-31 20:08:00,1,0.48,0.48,1,Transient
187,9.06696,77.89515,2026-08-31 20:08:00,2026-08-31 20:08:00,1,0.92,0.92,1,Transient
188,10.26561,78.37807,2026-08-31 20:08:00,2026-08-31 20:08:00,1,1.49,1.49,1,Transient
189,10.41422,77.11642,2026-08-31 20:08:00,2026-08-31 20:08:00,1,2.48,2.48,1,Transient
190,11.083045,78.75267,2026-08-31 20:08:00,2026-08-31 20:08:00,2,1.115,1.2,1,Transient
191,12.17032,78.99065,2026-08-31 20:08:00,2026-08-31 20:08:00,1,1.61,1.61,1,Transient
192,8.40674,80.25502,2026-09-01 07:14:00,2026-09-01 07:14:00,1,20.93,20.93,1,Transient
193,8.41019,80.40926,2026-09-01 07:14:00,2026-09-01 07:14:00,1,3.7,3.7,1,Transient
194,8.42441,80.4514,2026-09-01 07:14:00,2026-09-01 07:14:00,1,4.99,4.99,1,Transient
195,8.465712,80.40281,2026-09-01 07:14:00,2026-09-19 20:51:00,5,6.744,9.48,2,Recurring
196,8.698445,78.055145,2026-09-01 07:14:00,2026-09-05 20:14:00,2,3.64,5.99,2,Transient
197,9.117065,80.27278000000001,2026-09-01 07:14:00,2026-09-11 07:26:00,2,4.6,6.34,2,Transient
198,9.253626666666667,80.27598666666667,2026-09-01 07:14:00,2026-09-09 08:03:00,3,12.01,16.27,2,Transient
199,9.5347,80.3837,2026-09-01 07:14:00,2026-09-01 07:14:00,2,10.255,11.05,1,Transient
200,10.3891,79.27283,2026-09-01 07:14:00,2026-09-01 07:14:00,1,6.32,6.32,1,Transient
201,10.77498,78.64761,2026-09-01 07:14:00,2026-09-01 07:14:00,1,9.28,9.28,1,Transient
202,11.149049999999999,78.03235000000001,2026-09-01 07:14:00,2026-09-01 07:14:00,2,11.51,14.18,1,Transient
203,11.23065,78.08495,2026-09-01 07:14:00,2026-09-01 07:14:00,1,5.38,5.38,1,Transient
204,11.84292,78.90423,2026-09-01 07:14:00,2026-09-01 07:14:00,1,12.68,12.68,1,Transient
205,12.70483,79.3057,2026-09-01 07:14:00,2026-09-01 07:14:00,1,4.05,4.05,1,Transient
206,12.82289,79.10335,2026-09-01 07:14:00,2026-09-01 07:14:00,1,5.79,5.79,1,Transient
207,12.9195,79.45843,2026-09-01 07:14:00,2026-09-01 07:14:00,1,4.66,4.66,1,Transient
208,8.95149,77.771665,2026-09-01 08:54:00,2026-09-01 08:54:00,2,4.075,4.11,1,Transient
209,9.11347,77.46972,2026-09-01 08:54:00,2026-09-01 08:54:00,1,9.51,9.51,1,Transient
210,9.59821,77.793075,2026-09-01 08:54:00,2026-09-01 08:54:00,2,15.4,18.25,1,Transient
211,10.01406,78.08731,2026-09-01 08:54:00,2026-09-01 08:54:00,1,3.52,3.52,1,Transient
212,10.8313,78.8009,2026-09-01 08:54:00,2026-09-01 08:54:00,1,5.56,5.56,1,Transient
213,9.570780000000001,77.53211,2026-09-01 19:47:00,2026-09-01 19:47:00,3,2.8266666666666667,3.24,1,Transient
214,9.582276,77.545658,2026-09-01 19:47:00,2026-09-01 19:47:00,5,4.892,6.72,1,Recurring
215,10.43844,77.555,2026-09-01 19:47:00,2026-09-01 19:47:00,1,0.47,0.47,1,Transient
216,10.99405,79.23645,2026-09-01 19:47:00,2026-09-01 19:47:00,1,7.05,7.05,1,Transient
217,11.424790000000002,77.403015,2026-09-01 19:47:00,2026-09-01 19:47:00,2,2.0300000000000002,2.14,1,Transient
218,11.43303,77.16435,2026-09-01 19:47:00,2026-09-01 19:47:00,1,1.15,1.15,1,Transient
219,11.591783333333334,77.26797333333333,2026-09-01 19:47:00,2026-09-02 21:10:00,3,2.8366666666666664,3.82,2,Transient
220,12.292465,79.939735,2026-09-01 19:47:00,2026-09-01 19:47:00,2,5.385,5.71,1,Transient
221,12.746395,77.619855,2026-09-01 19:47:00,2026-09-22 19:53:00,4,1.1,1.69,4,Transient
222,12.7745,80.06129,2026-09-01 19:47:00,2026-09-01 19:47:00,1,2.27,2.27,1,Transient
223,8.448775000000001,80.392765,2026-09-01 19:49:00,2026-09-01 19:49:00,2,1.525,1.85,1,Transient
224,8.005339999999999,80.37247333333333,2026-09-02 08:35:00,2026-09-02 08:35:00,3,8.596666666666666,13.41,1,Transient
225,8.08506,80.08055,2026-09-02 08:35:00,2026-09-02 08:35:00,1,3.16,3.16,1,Transient
226,8.19724,79.91821,2026-09-02 08:35:00,2026-09-02 08:35:00,1,1.72,1.72,1,Transient
227,8.22195,79.94675,2026-09-02 08:35:00,2026-09-02 08:35:00,1,14.84,14.84,1,Transient
228,8.315854999999999,80.289365,2026-09-02 08:35:00,2026-09-02 08:35:00,2,3.785,3.95,1,Transient
229,8.32674,80.29144,2026-09-02 08:35:00,2026-09-02 08:35:00,1,3.8,3.8,1,Transient
230,8.397725000000001,80.327065,2026-09-02 08:35:00,2026-09-09 08:03:00,2,3.33,3.52,2,Transient
231,8.403325,80.217945,2026-09-02 08:35:00,2026-09-09 08:03:00,4,8.0825,10.26,2,Transient
232,8.41479,80.38741,2026-09-02 08:35:00,2026-09-02 08:35:00,1,11.89,11.89,1,Transient
233,8.49523,77.96259,2026-09-02 08:35:00,2026-09-02 08:35:00,1,25.01,25.01,1,Transient
234,8.51248,80.39674,2026-09-02 08:35:00,2026-09-02 08:35:00,1,8.26,8.26,1,Transient
235,8.51999,80.37193,2026-09-02 08:35:00,2026-09-02 08:35:00,1,20.76,20.76,1,Transient
236,8.59435,80.45303,2026-09-02 08:35:00,2026-09-02 08:35:00,1,68.81,68.81,1,Transient
237,8.6472,77.50002,2026-09-02 08:35:00,2026-09-02 08:35:00,1,3.96,3.96,1,Transient
238,8.663115000000001,80.46518499999999,2026-09-02 08:35:00,2026-09-02 08:35:00,2,10.54,15.41,1,Transient
239,8.70691,80.45286,2026-09-02 08:35:00,2026-09-02 08:35:00,1,1.52,1.52,1,Transient
240,8.75412,80.363355,2026-09-02 08:35:00,2026-09-02 08:35:00,2,6.27,7.17,1,Transient
241,8.88936,77.75757,2026-09-02 08:35:00,2026-09-02 08:35:00,1,7.23,7.23,1,Transient
242,8.95637,80.38986,2026-09-02 08:35:00,2026-09-02 08:35:00,1,2.82,2.82,1,Transient
243,8.98586,77.47747,2026-09-02 08:35:00,2026-09-02 08:35:00,1,3.8,3.8,1,Transient
244,9.046095000000001,77.72018,2026-09-02 08:35:00,2026-09-02 08:35:00,2,5.55,5.58,1,Transient
245,9.12569,77.41118,2026-09-02 08:35:00,2026-09-02 08:35:00,1,2.64,2.64,1,Transient
246,9.22418,80.3151,2026-09-02 08:35:00,2026-09-02 08:35:00,1,3.8,3.8,1,Transient
247,9.401747499999999,80.3908675,2026-09-02 08:35:00,2026-09-09 08:03:00,4,6.3225,9.23,2,Transient
248,9.41958,80.36162666666667,2026-09-02 08:35:00,2026-09-06 07:20:00,3,3.2133333333333334,4.16,2,Transient
249,9.46896,78.68177,2026-09-02 08:35:00,2026-09-02 08:35:00,1,4.74,4.74,1,Transient
250,9.472480000000001,80.49536,2026-09-02 08:35:00,2026-09-02 08:35:00,2,3.9,3.9,1,Transient
251,9.549050000000001,80.365245,2026-09-02 08:35:00,2026-09-02 08:35:00,2,5.085,7.37,1,Transient
252,9.64176,80.31894,2026-09-02 08:35:00,2026-09-02 08:35:00,1,4.8,4.8,1,Transient
253,9.732086666666667,77.54906666666666,2026-09-02 08:35:00,2026-09-03 20:51:00,3,12.263333333333334,27.73,2,Transient
254,9.80838,77.4108,2026-09-02 08:35:00,2026-09-02 08:35:00,1,2.7,2.7,1,Transient
255,9.9884,77.44849,2026-09-02 08:35:00,2026-09-02 08:35:00,1,5.8,5.8,1,Transient
256,10.76591,78.63389,2026-09-02 08:37:00,2026-09-02 08:37:00,1,4.46,4.46,1,Transient
257,10.8682,77.73765499999999,2026-09-02 08:37:00,2026-09-02 08:37:00,2,4.529999999999999,6.27,1,Transient
258,11.17819,77.71023,2026-09-02 08:37:00,2026-09-02 08:37:00,1,4.45,4.45,1,Transient
259,11.72303,78.5864,2026-09-02 08:37:00,2026-09-02 08:37:00,1,5.77,5.77,1,Transient
260,12.0616,77.02872,2026-09-02 08:37:00,2026-09-02 08:37:00,1,9.89,9.89,1,Transient
261,12.1201,79.1136,2026-09-02 08:37:00,2026-09-02 08:37:00,1,3.43,3.43,1,Transient
262,12.42042,78.76832,2026-09-02 08:37:00,2026-09-02 08:37:00,1,3.86,3.86,1,Transient
263,12.8507575,79.9031425,2026-09-02 19:28:00,2026-09-02 19:28:00,4,3.2800000000000002,4.15,1,Transient
264,9.549935000000001,77.52065999999999,2026-09-02 19:30:00,2026-09-03 20:51:00,2,3.3449999999999998,3.9,2,Transient
265,9.554,77.51099,2026-09-02 19:30:00,2026-09-02 19:30:00,1,2.91,2.91,1,Transient
266,10.434525,77.0644,2026-09-02 21:10:00,2026-09-09 08:03:00,2,7.715,14.78,2,Transient
267,8.041385,80.366235,2026-09-03 08:16:00,2026-09-03 08:16:00,2,5.45,6.25,1,Transient
268,8.10851,80.26566,2026-09-03 08:16:00,2026-09-03 08:16:00,1,6.21,6.21,1,Transient
269,8.138485,80.30089,2026-09-03 08:16:00,2026-09-03 08:16:00,2,5.08,5.64,1,Transient
270,8.15791,80.28943,2026-09-03 08:16:00,2026-09-03 08:16:00,1,1.95,1.95,1,Transient
271,8.255146666666667,80.14528333333334,2026-09-03 08:16:00,2026-09-03 08:16:00,3,5.82,9.88,1,Transient
272,8.299824999999998,80.237505,2026-09-03 08:16:00,2026-09-03 08:16:00,2,7.46,8.52,1,Transient
273,8.34293,80.22649,2026-09-03 08:16:00,2026-09-03 08:16:00,1,8.01,8.01,1,Transient
274,8.47183,80.29427,2026-09-03 08:16:00,2026-09-03 08:16:00,1,4.33,4.33,1,Transient
275,8.531735000000001,80.463025,2026-09-03 08:16:00,2026-09-14 08:09:00,4,10.645,16.67,2,Transient
276,8.5761875,80.3651225,2026-09-03 08:16:00,2026-09-10 07:44:00,4,5.7775,7.65,2,Transient
277,8.620474999999999,77.77535,2026-09-03 08:16:00,2026-09-03 08:16:00,2,27.545,31.99,1,Transient
278,8.630885,80.41361,2026-09-03 08:16:00,2026-09-04 07:56:00,2,11.51,15.23,2,Transient
279,8.74555,80.33832,2026-09-03 08:16:00,2026-09-03 08:16:00,1,5.26,5.26,1,Transient
280,8.81242,78.05347,2026-09-03 08:16:00,2026-09-03 08:16:00,1,8.02,8.02,1,Transient
281,8.83873,77.68748,2026-09-03 08:16:00,2026-09-03 08:16:00,1,7.33,7.33,1,Transient
282,8.8666975,78.084535,2026-09-03 08:16:00,2026-09-08 08:22:00,4,10.747499999999999,13.83,3,Transient
283,8.912315,80.355305,2026-09-03 08:16:00,2026-09-03 08:16:00,2,8.344999999999999,8.92,1,Transient
284,8.94545,77.81496,2026-09-03 08:16:00,2026-09-03 08:16:00,1,17.83,17.83,1,Transient
285,8.99502,78.11544,2026-09-03 08:16:00,2026-09-03 08:16:00,2,5.51,5.51,1,Transient
286,9.09089,79.79725,2026-09-03 08:16:00,2026-09-03 08:16:00,1,47.93,47.93,1,Transient
287,9.1417,80.27109,2026-09-03 08:16:00,2026-09-03 08:16:00,1,5.97,5.97,1,Transient
288,9.21627,78.64738,2026-09-03 08:16:00,2026-09-03 08:16:00,1,11.12,11.12,1,Transient
289,9.25096,77.98447,2026-09-03 08:16:00,2026-09-03 08:16:00,1,48.71,48.71,1,Transient
290,9.38139,78.7643,2026-09-03 08:16:00,2026-09-03 08:16:00,1,4.09,4.09,1,Transient
291,9.400155,80.449625,2026-09-03 08:16:00,2026-09-04 07:58:00,2,12.114999999999998,17.65,2,Transient
292,9.46056,80.46106,2026-09-03 08:16:00,2026-09-03 08:16:00,1,5.32,5.32,1,Transient
293,9.96156,78.07376,2026-09-03 08:16:00,2026-09-03 08:16:00,2,4.62,4.62,1,Transient
294,9.97086,78.1619,2026-09-03 08:16:00,2026-09-03 08:16:00,1,10.42,10.42,1,Transient
295,9.99129,78.08318,2026-09-03 08:16:00,2026-09-03 08:16:00,1,6.7,6.7,1,Transient
296,10.114106666666666,77.66308333333332,2026-09-03 08:16:00,2026-09-03 08:16:00,3,7.169999999999999,8.07,1,Transient
297,10.235545,79.196545,2026-09-03 08:16:00,2026-09-04 07:58:00,2,7.369999999999999,9.69,2,Transient
298,10.67869,78.942,2026-09-03 08:16:00,2026-09-03 08:16:00,1,7.36,7.36,1,Transient
299,10.74984,78.97149,2026-09-03 08:16:00,2026-09-03 08:16:00,1,3.0,3.0,1,Transient
300,10.78625,77.79347,2026-09-03 08:16:00,2026-09-03 08:16:00,1,9.5,9.5,1,Transient
301,10.82759,77.76785,2026-09-03 08:16:00,2026-09-03 08:16:00,1,2.88,2.88,1,Transient
302,10.84841,78.50124,2026-09-03 08:16:00,2026-09-03 08:16:00,1,10.66,10.66,1,Transient
303,11.00386,79.25903,2026-09-03 08:16:00,2026-09-03 08:16:00,1,2.95,2.95,1,Transient
304,11.18612,79.70135,2026-09-03 08:16:00,2026-09-03 08:16:00,1,5.73,5.73,1,Transient
305,11.39026,78.14157,2026-09-03 08:16:00,2026-09-03 08:16:00,1,3.98,3.98,1,Transient
306,11.45467,77.59742,2026-09-03 08:16:00,2026-09-03 08:16:00,1,2.43,2.43,1,Transient
307,11.50959,79.52499,2026-09-03 08:16:00,2026-09-03 08:16:00,1,5.71,5.71,1,Transient
308,13.24685,76.39126,2026-09-03 08:18:00,2026-09-03 08:18:00,1,5.27,5.27,1,Transient
309,11.10315,77.76294,2026-09-03 20:51:00,2026-09-03 20:51:00,1,0.94,0.94,1,Transient
310,8.02803,80.35893999999999,2026-09-04 07:56:00,2026-09-13 08:28:00,2,6.305,7.19,2,Transient
311,8.240545000000001,80.32288,2026-09-04 07:56:00,2026-09-18 08:35:00,2,1.9000000000000001,2.91,2,Transient
312,8.39051,80.33973,2026-09-04 07:56:00,2026-09-04 07:56:00,1,6.3,6.3,1,Transient
313,8.569685,80.39798,2026-09-04 07:56:00,2026-09-05 07:37:00,2,3.4699999999999998,3.96,2,Transient
314,8.66461,80.39914,2026-09-04 07:56:00,2026-09-04 07:56:00,1,5.09,5.09,1,Transient
315,8.668095,80.25662,2026-09-04 07:56:00,2026-09-04 07:56:00,2,6.17,6.17,1,Transient
316,8.8539,80.49944,2026-09-04 07:56:00,2026-09-04 07:56:00,1,4.22,4.22,1,Transient
317,8.67037,77.99406,2026-09-04 07:58:00,2026-09-04 07:58:00,1,6.68,6.68,1,Transient
318,8.92298,80.40017,2026-09-04 07:58:00,2026-09-04 07:58:00,1,3.13,3.13,1,Transient
319,9.03487,80.21505,2026-09-04 07:58:00,2026-09-04 07:58:00,1,2.6,2.6,1,Transient
320,9.100190000000001,80.28295,2026-09-04 07:58:00,2026-09-09 08:03:00,2,2.95,3.1,2,Transient
321,9.14341,78.26402,2026-09-04 07:58:00,2026-09-04 07:58:00,2,4.7,4.73,1,Transient
322,9.35835,78.81918,2026-09-04 07:58:00,2026-09-04 07:58:00,1,3.34,3.34,1,Transient
323,9.405225,80.290785,2026-09-04 07:58:00,2026-09-04 07:58:00,2,10.45,13.9,1,Transient
324,9.44964,80.48254,2026-09-04 07:58:00,2026-09-04 07:58:00,1,8.56,8.56,1,Transient
325,9.72387,78.35549,2026-09-04 07:58:00,2026-09-04 07:58:00,1,5.33,5.33,1,Transient
326,9.82854,77.56429,2026-09-04 07:58:00,2026-09-04 07:58:00,1,5.62,5.62,1,Transient
327,9.82879,78.55407,2026-09-04 07:58:00,2026-09-04 07:58:00,1,2.01,2.01,1,Transient
328,10.869724999999999,79.847265,2026-09-04 07:58:00,2026-09-15 07:52:00,2,4.6,5.97,2,Transient
329,9.71209,80.08627,2026-09-04 20:32:00,2026-09-04 20:32:00,1,2.35,2.35,1,Transient
330,9.80522,77.56261,2026-09-04 20:32:00,2026-09-04 20:32:00,1,2.07,2.07,1,Transient
331,10.61504,77.50061,2026-09-04 20:32:00,2026-09-04 20:32:00,1,1.42,1.42,1,Transient
332,10.928305,78.49685,2026-09-04 20:32:00,2026-09-06 07:20:00,2,4.055,4.48,2,Transient
333,11.518239999999999,77.70758000000001,2026-09-04 20:32:00,2026-09-04 20:32:00,2,1.55,1.62,1,Transient
334,12.019655,76.65142499999999,2026-09-04 20:32:00,2026-09-04 20:32:00,2,0.765,0.8,1,Transient
335,12.71426,76.89852,2026-09-04 20:32:00,2026-09-04 20:32:00,1,0.68,0.68,1,Transient
336,8.048945,80.00390999999999,2026-09-05 07:37:00,2026-09-09 08:03:00,2,6.725,7.4,2,Transient
337,8.25603,80.25658,2026-09-05 07:37:00,2026-09-06 07:20:00,3,8.446666666666667,10.8,2,Transient
338,8.26023,80.32326499999999,2026-09-05 07:37:00,2026-09-13 08:28:00,4,5.8149999999999995,8.67,3,Transient
339,8.402133333333333,80.43121333333333,2026-09-05 07:37:00,2026-09-06 07:20:00,3,5.613333333333333,7.74,2,Transient
340,8.423715000000001,80.382685,2026-09-05 07:37:00,2026-09-05 07:37:00,2,4.34,4.34,1,Transient
341,8.62455,77.91331,2026-09-05 07:37:00,2026-09-05 07:37:00,1,6.53,6.53,1,Transient
342,8.62842,77.79488,2026-09-05 07:37:00,2026-09-05 07:37:00,1,9.66,9.66,1,Transient
343,8.74177,77.40366,2026-09-05 07:37:00,2026-09-05 07:37:00,1,10.53,10.53,1,Transient
344,8.74992,77.84068,2026-09-05 07:37:00,2026-09-05 07:37:00,1,15.53,15.53,1,Transient
345,8.77072,80.10439,2026-09-05 07:37:00,2026-09-05 07:37:00,1,3.88,3.88,1,Transient
346,8.84348,78.11538,2026-09-05 07:37:00,2026-09-05 07:37:00,1,3.27,3.27,1,Transient
347,8.84688,77.52462,2026-09-05 07:37:00,2026-09-05 07:37:00,1,11.27,11.27,1,Transient
348,8.87289,77.61432,2026-09-05 07:37:00,2026-09-05 07:37:00,1,7.78,7.78,1,Transient
349,9.0763,80.40665,2026-09-05 07:37:00,2026-09-05 07:37:00,1,10.5,10.5,1,Transient
350,9.3084,78.79866,2026-09-05 07:37:00,2026-09-05 07:37:00,1,3.98,3.98,1,Transient
351,9.332675,77.423,2026-09-05 07:37:00,2026-09-11 20:02:00,2,2.62,4.67,2,Transient
352,9.37131,80.31544,2026-09-05 07:37:00,2026-09-05 07:37:00,1,9.02,9.02,1,Transient
353,9.43621,80.41788,2026-09-05 07:37:00,2026-09-05 07:37:00,1,4.28,4.28,1,Transient
354,9.44193,80.42754,2026-09-05 07:37:00,2026-09-05 07:37:00,1,2.16,2.16,1,Transient
355,10.095155,77.896015,2026-09-05 07:37:00,2026-09-05 07:37:00,2,11.285,13.48,1,Transient
356,10.270822500000001,77.25617,2026-09-05 07:37:00,2026-09-09 08:03:00,4,8.6075,16.81,3,Transient
357,10.40149,79.27921,2026-09-05 07:37:00,2026-09-05 07:37:00,1,7.13,7.13,1,Transient
358,10.43229,79.63264,2026-09-05 07:37:00,2026-09-05 07:37:00,1,4.35,4.35,1,Transient
359,10.43859,77.31449,2026-09-05 07:37:00,2026-09-05 07:37:00,1,12.02,12.02,1,Transient
360,10.68266,77.4065,2026-09-05 07:37:00,2026-09-05 07:37:00,1,11.41,11.41,1,Transient
361,10.71123,79.4289,2026-09-05 07:37:00,2026-09-05 07:37:00,1,6.18,6.18,1,Transient
362,10.87756,79.31715,2026-09-05 07:37:00,2026-09-05 07:37:00,1,4.55,4.55,1,Transient
363,10.98393,78.21921,2026-09-05 07:37:00,2026-09-05 07:37:00,1,7.0,7.0,1,Transient
364,11.00214,77.12466,2026-09-05 07:37:00,2026-09-05 07:37:00,1,13.48,13.48,1,Transient
365,11.48418,77.27011,2026-09-05 07:39:00,2026-09-05 07:39:00,1,3.57,3.57,1,Transient
366,12.15397,78.16905,2026-09-05 07:39:00,2026-09-05 07:39:00,1,4.39,4.39,1,Transient
367,12.8087,79.956,2026-09-05 07:39:00,2026-09-05 07:39:00,1,3.42,3.42,1,Transient
368,13.40306,77.79495,2026-09-05 07:39:00,2026-09-05 07:39:00,1,4.98,4.98,1,Transient
369,13.37448,78.87302,2026-09-05 20:12:00,2026-09-05 20:12:00,1,0.63,0.63,1,Transient
370,8.67761,77.63989,2026-09-05 20:14:00,2026-09-05 20:14:00,1,2.61,2.61,1,Transient
371,11.94986,76.94534,2026-09-05 20:14:00,2026-09-05 20:14:00,1,1.03,1.03,1,Transient
372,12.62565,79.78779,2026-09-05 20:14:00,2026-09-05 20:14:00,1,2.0,2.0,1,Transient
373,12.95159,79.9017,2026-09-05 20:14:00,2026-09-05 20:14:00,1,0.77,0.77,1,Transient
374,13.01668,77.74179,2026-09-05 20:14:00,2026-09-05 20:14:00,1,0.5,0.5,1,Transient
375,8.02004,80.31163,2026-09-06 07:20:00,2026-09-06 07:20:00,1,5.14,5.14,1,Transient
376,8.0389,80.3515,2026-09-06 07:20:00,2026-09-06 07:20:00,1,9.39,9.39,1,Transient
377,8.070879999999999,80.230615,2026-09-06 07:20:00,2026-09-06 07:20:00,2,5.0,5.34,1,Transient
378,8.31421,80.17928,2026-09-06 07:20:00,2026-09-06 07:20:00,1,5.0,5.0,1,Transient
379,8.319955,80.300355,2026-09-06 07:20:00,2026-09-06 07:20:00,2,6.725,7.38,1,Transient
380,8.44197,80.31695,2026-09-06 07:20:00,2026-09-06 07:20:00,1,14.84,14.84,1,Transient
381,8.5043075,80.220995,2026-09-06 07:20:00,2026-09-06 07:20:00,4,12.775,13.15,1,Transient
382,8.51852,80.23936,2026-09-06 07:20:00,2026-09-06 07:20:00,1,4.18,4.18,1,Transient
383,8.6569,80.49527,2026-09-06 07:20:00,2026-09-06 07:20:00,1,8.82,8.82,1,Transient
384,8.745745,80.20434499999999,2026-09-06 07:20:00,2026-09-06 07:20:00,2,8.465,9.98,1,Transient
385,8.81484,80.48472,2026-09-06 07:20:00,2026-09-06 07:20:00,1,5.35,5.35,1,Transient
386,9.06089,77.65742,2026-09-06 07:20:00,2026-09-06 07:20:00,1,6.47,6.47,1,Transient
387,9.35343,80.28749,2026-09-06 07:20:00,2026-09-06 07:20:00,1,2.47,2.47,1,Transient
388,9.3743,80.46233,2026-09-06 07:20:00,2026-09-06 07:20:00,1,4.13,4.13,1,Transient
389,9.398475,80.37581,2026-09-06 07:20:00,2026-09-06 07:20:00,2,3.4050000000000002,3.96,1,Transient
390,9.47186,80.48261333333333,2026-09-06 07:20:00,2026-09-14 08:09:00,3,15.62,19.34,2,Transient
391,9.47606,80.45673,2026-09-06 07:20:00,2026-09-06 07:20:00,1,4.51,4.51,1,Transient
392,9.766404999999999,80.16406,2026-09-06 07:20:00,2026-09-06 07:20:00,2,6.59,6.59,1,Transient
393,9.77767,78.38486,2026-09-06 07:20:00,2026-09-06 07:20:00,1,11.04,11.04,1,Transient
394,10.356265,79.15847,2026-09-06 07:20:00,2026-09-06 07:20:00,2,5.925,6.29,1,Transient
395,10.89275,77.62709,2026-09-06 07:20:00,2026-09-06 07:20:00,1,7.34,7.34,1,Transient
396,10.94046,78.16074,2026-09-06 07:20:00,2026-09-06 07:20:00,1,3.88,3.88,1,Transient
397,11.62928,76.9966,2026-09-06 07:20:00,2026-09-06 07:20:00,1,10.29,10.29,1,Transient
398,9.01483,77.36433500000001,2026-09-06 09:00:00,2026-09-12 08:48:00,2,2.525,2.82,2,Transient
399,10.6155525,77.4204575,2026-09-06 19:53:00,2026-09-09 20:38:00,4,0.875,1.51,3,Transient
400,10.90595,77.416305,2026-09-06 19:53:00,2026-09-06 19:53:00,2,1.265,1.64,1,Transient
401,11.92694,78.42115,2026-09-06 19:53:00,2026-09-06 19:53:00,1,1.68,1.68,1,Transient
402,10.39689,77.61567,2026-09-06 19:55:00,2026-09-06 19:55:00,1,6.43,6.43,1,Transient
403,8.03589,80.41181,2026-09-07 08:39:00,2026-09-07 08:39:00,1,5.08,5.08,1,Transient
404,8.05743,80.43962,2026-09-07 08:39:00,2026-09-07 08:39:00,1,4.65,4.65,1,Transient
405,8.38853,80.20635999999999,2026-09-07 08:39:00,2026-09-07 08:39:00,2,8.485,8.68,1,Transient
406,8.5905,80.34922,2026-09-07 08:39:00,2026-09-07 08:39:00,1,4.44,4.44,1,Transient
407,8.911159999999999,77.517895,2026-09-07 08:39:00,2026-09-07 08:39:00,2,3.93,4.66,1,Transient
408,9.01174,77.45811,2026-09-07 08:39:00,2026-09-07 08:39:00,1,4.68,4.68,1,Transient
409,9.08718,77.47947,2026-09-07 08:41:00,2026-09-07 08:41:00,1,3.5,3.5,1,Transient
410,9.20163,78.26099,2026-09-07 08:41:00,2026-09-07 08:41:00,1,1.0,1.0,1,Transient
411,9.27757,77.48306,2026-09-07 08:41:00,2026-09-07 08:41:00,1,3.24,3.24,1,Transient
412,10.52722,76.9183,2026-09-07 08:41:00,2026-09-07 08:41:00,1,7.44,7.44,1,Transient
413,11.4255,79.19963,2026-09-07 08:41:00,2026-09-07 08:41:00,1,7.34,7.34,1,Transient
414,12.19458,76.79126,2026-09-07 08:41:00,2026-09-07 08:41:00,1,14.03,14.03,1,Transient
415,12.626665,79.35428999999999,2026-09-07 08:41:00,2026-09-07 08:41:00,2,11.875,12.36,1,Transient
416,13.30328,77.49928,2026-09-07 08:41:00,2026-09-07 08:41:00,1,3.78,3.78,1,Transient
417,13.39125,78.55362,2026-09-07 08:41:00,2026-09-07 08:41:00,1,4.87,4.87,1,Transient
418,8.26735,80.30713,2026-09-07 19:36:00,2026-09-07 19:36:00,1,0.49,0.49,1,Transient
419,8.2917,80.2041,2026-09-07 19:36:00,2026-09-07 19:36:00,1,0.78,0.78,1,Transient
420,8.436085,77.624,2026-09-07 19:36:00,2026-09-10 07:44:00,2,0.87,1.21,2,Transient
421,10.82716,78.82903,2026-09-07 19:36:00,2026-09-07 19:36:00,1,2.81,2.81,1,Transient
422,12.02786,79.03661,2026-09-07 19:36:00,2026-09-07 19:36:00,1,0.85,0.85,1,Transient
423,8.00587,80.17339,2026-09-08 08:22:00,2026-09-08 08:22:00,1,4.18,4.18,1,Transient
424,8.08208,80.44212,2026-09-08 08:22:00,2026-09-08 08:22:00,1,4.07,4.07,1,Transient
425,8.131055,80.04693,2026-09-08 08:22:00,2026-09-08 08:22:00,2,4.42,5.72,1,Transient
426,8.178885,80.30425,2026-09-08 08:22:00,2026-09-13 08:28:00,2,2.88,4.07,2,Transient
427,8.2054,80.36328,2026-09-08 08:22:00,2026-09-08 08:22:00,1,5.52,5.52,1,Transient
428,8.21241,80.38275,2026-09-08 08:22:00,2026-09-08 08:22:00,1,8.78,8.78,1,Transient
429,8.26527,80.44974,2026-09-08 08:22:00,2026-09-08 08:22:00,1,9.21,9.21,1,Transient
430,8.34141,80.19283,2026-09-08 08:22:00,2026-09-08 08:22:00,2,23.775,27.25,1,Transient
431,8.35129,77.57536,2026-09-08 08:22:00,2026-09-08 08:22:00,1,7.94,7.94,1,Transient
432,8.35925,80.17823666666668,2026-09-08 08:22:00,2026-09-13 08:28:00,3,18.653333333333332,24.92,2,Transient
433,8.506083333333335,80.49039333333333,2026-09-08 08:22:00,2026-09-14 08:09:00,3,7.84,13.76,2,Transient
434,8.56899,80.49351,2026-09-08 08:22:00,2026-09-08 08:22:00,1,5.75,5.75,1,Transient
435,8.58827,78.13114,2026-09-08 08:22:00,2026-09-08 08:22:00,1,6.7,6.7,1,Transient
436,8.59618,80.31499,2026-09-08 08:22:00,2026-09-08 08:22:00,2,15.615,16.66,1,Transient
437,8.735485,77.81689,2026-09-08 08:22:00,2026-09-08 08:22:00,2,6.88,6.88,1,Transient
438,8.8465,80.44485,2026-09-08 08:22:00,2026-09-08 08:22:00,1,6.63,6.63,1,Transient
439,8.84915,77.81451,2026-09-08 08:22:00,2026-09-08 08:22:00,1,6.21,6.21,1,Transient
440,8.884075,77.79288,2026-09-08 08:22:00,2026-09-18 08:35:00,2,8.16,11.48,2,Transient
441,8.93358,77.49417,2026-09-08 08:22:00,2026-09-08 08:22:00,1,3.63,3.63,1,Transient
442,9.04233,78.01846,2026-09-08 08:22:00,2026-09-08 08:22:00,1,11.21,11.21,1,Transient
443,9.05442,77.6814,2026-09-08 08:22:00,2026-09-08 08:22:00,1,4.97,4.97,1,Transient
444,9.09004,77.77312,2026-09-08 08:22:00,2026-09-08 08:22:00,1,10.56,10.56,1,Transient
445,9.09544,77.34049,2026-09-08 08:22:00,2026-09-08 08:22:00,1,5.52,5.52,1,Transient
446,9.27549,78.66257,2026-09-08 08:22:00,2026-09-08 08:22:00,1,5.92,5.92,1,Transient
447,9.31614,78.72684,2026-09-08 08:22:00,2026-09-08 08:22:00,1,13.24,13.24,1,Transient
448,9.34192,78.82452,2026-09-08 08:22:00,2026-09-08 08:22:00,1,31.48,31.48,1,Transient
449,9.52653,77.79057,2026-09-08 08:22:00,2026-09-08 08:22:00,1,14.47,14.47,1,Transient
450,9.53313,78.64571,2026-09-08 08:22:00,2026-09-08 08:22:00,1,54.78,54.78,1,Transient
451,9.75825,78.38308,2026-09-08 08:22:00,2026-09-08 08:22:00,1,2.91,2.91,1,Transient
452,9.85383,77.64912,2026-09-08 08:22:00,2026-09-08 08:22:00,1,5.26,5.26,1,Transient
453,9.86731,78.65581,2026-09-08 08:22:00,2026-09-08 08:22:00,1,3.23,3.23,1,Transient
454,9.96227,78.9623,2026-09-08 08:22:00,2026-09-08 08:22:00,1,3.07,3.07,1,Transient
455,9.97272,78.71961,2026-09-08 08:22:00,2026-09-08 08:22:00,1,1.96,1.96,1,Transient
456,10.04153,78.05537,2026-09-08 08:22:00,2026-09-08 08:22:00,1,2.16,2.16,1,Transient
457,10.16706,78.7907,2026-09-08 08:22:00,2026-09-08 08:22:00,1,3.99,3.99,1,Transient
458,10.17314,78.80556,2026-09-08 08:22:00,2026-09-08 08:22:00,1,3.25,3.25,1,Transient
459,10.23821,79.09862,2026-09-08 08:22:00,2026-09-08 08:22:00,1,10.75,10.75,1,Transient
460,10.40929,79.80421,2026-09-08 08:22:00,2026-09-08 08:22:00,1,3.37,3.37,1,Transient
461,10.424195000000001,79.25435999999999,2026-09-08 08:22:00,2026-09-08 08:22:00,2,14.61,15.53,1,Transient
462,10.43482,77.7946,2026-09-08 08:22:00,2026-09-08 08:22:00,1,9.44,9.44,1,Transient
463,10.49573,78.17871,2026-09-08 08:22:00,2026-09-08 08:22:00,1,5.23,5.23,1,Transient
464,10.55287,77.33337,2026-09-08 08:22:00,2026-09-08 08:22:00,1,9.0,9.0,1,Transient
465,10.55847,78.78347,2026-09-08 08:22:00,2026-09-08 08:22:00,1,5.9,5.9,1,Transient
466,10.75671,78.84985,2026-09-08 08:22:00,2026-09-08 08:22:00,1,2.77,2.77,1,Transient
467,10.78588,78.80675,2026-09-08 08:22:00,2026-09-08 08:22:00,1,1.68,1.68,1,Transient
468,10.78764,77.37771000000001,2026-09-08 08:22:00,2026-09-08 08:22:00,2,6.57,6.63,1,Transient
469,10.80565,78.98431,2026-09-08 08:22:00,2026-09-08 08:22:00,1,6.58,6.58,1,Transient
470,10.86482,77.44711,2026-09-08 08:22:00,2026-09-08 08:22:00,1,4.39,4.39,1,Transient
471,10.92993,77.06577,2026-09-08 08:22:00,2026-09-08 08:22:00,1,5.02,5.02,1,Transient
472,11.02627,77.50809,2026-09-08 08:22:00,2026-09-08 08:22:00,1,8.94,8.94,1,Transient
473,11.12294,77.05234,2026-09-08 08:22:00,2026-09-08 08:22:00,1,15.77,15.77,1,Transient
474,11.13888,79.6744,2026-09-08 08:22:00,2026-09-08 08:22:00,1,1.57,1.57,1,Transient
475,11.14424,79.74757,2026-09-08 08:22:00,2026-09-08 08:22:00,1,2.46,2.46,1,Transient
476,11.16188,77.30102,2026-09-08 08:22:00,2026-09-08 08:22:00,1,5.8,5.8,1,Transient
477,11.17862,79.84267,2026-09-08 08:22:00,2026-09-08 08:22:00,1,7.35,7.35,1,Transient
478,11.18239,77.23586,2026-09-08 08:22:00,2026-09-08 08:22:00,1,7.38,7.38,1,Transient
479,11.29315,79.53701,2026-09-08 08:22:00,2026-09-08 08:22:00,2,5.34,5.37,1,Transient
480,11.44426,79.2206,2026-09-08 08:22:00,2026-09-08 08:22:00,1,2.6,2.6,1,Transient
481,11.46137,79.28418,2026-09-08 08:22:00,2026-09-08 08:22:00,1,3.45,3.45,1,Transient
482,11.47736,78.03462,2026-09-08 08:22:00,2026-09-08 08:22:00,1,7.99,7.99,1,Transient
483,11.70611,78.73426,2026-09-08 08:22:00,2026-09-08 08:22:00,1,3.05,3.05,1,Transient
484,11.999,79.72091,2026-09-08 08:22:00,2026-09-08 08:22:00,1,4.93,4.93,1,Transient
485,12.09626,77.0597,2026-09-08 08:22:00,2026-09-08 08:22:00,1,20.08,20.08,1,Transient
486,12.47741,78.93455,2026-09-08 08:24:00,2026-09-08 08:24:00,1,16.2,16.2,1,Transient
487,12.53124,78.209,2026-09-08 08:24:00,2026-09-08 08:24:00,1,3.75,3.75,1,Transient
488,12.71969,79.77961,2026-09-08 08:24:00,2026-09-08 08:24:00,1,6.31,6.31,1,Transient
489,13.38639,78.22185,2026-09-08 08:24:00,2026-09-08 08:24:00,1,3.35,3.35,1,Transient
490,13.03186,77.87499333333334,2026-09-08 20:55:00,2026-09-08 20:55:00,3,1.0866666666666667,1.11,1,Transient
491,8.96161,77.40189,2026-09-08 20:57:00,2026-09-08 20:57:00,1,0.56,0.56,1,Transient
492,10.26176,77.25022,2026-09-08 20:57:00,2026-09-08 20:57:00,1,1.08,1.08,1,Transient
493,11.03921,77.58987,2026-09-08 20:57:00,2026-09-08 20:57:00,1,0.36,0.36,1,Transient
494,11.42799,77.36931,2026-09-08 20:57:00,2026-09-08 20:57:00,1,1.28,1.28,1,Transient
495,8.02913,80.45529,2026-09-09 08:03:00,2026-09-09 08:03:00,1,2.08,2.08,1,Transient
496,8.037745000000001,80.059515,2026-09-09 08:03:00,2026-09-09 08:03:00,2,4.965,5.78,1,Transient
497,8.03777,80.49038,2026-09-09 08:03:00,2026-09-09 08:03:00,1,8.93,8.93,1,Transient
498,8.0392,80.23079,2026-09-09 08:03:00,2026-09-13 08:28:00,2,5.08,5.77,2,Transient
499,8.055335,80.402355,2026-09-09 08:03:00,2026-09-09 08:03:00,2,11.265,14.24,1,Transient
500,8.07328,80.09106,2026-09-09 08:03:00,2026-09-09 08:03:00,1,6.81,6.81,1,Transient
501,8.08427,80.3455,2026-09-09 08:03:00,2026-09-09 08:03:00,1,2.24,2.24,1,Transient
502,8.09668,79.90884,2026-09-09 08:03:00,2026-09-09 08:03:00,1,3.11,3.11,1,Transient
503,8.10521,80.10054,2026-09-09 08:03:00,2026-09-09 08:03:00,1,9.49,9.49,1,Transient
504,8.12676,80.09728000000001,2026-09-09 08:03:00,2026-09-09 08:03:00,2,4.93,4.93,1,Transient
505,8.18763,80.10533,2026-09-09 08:03:00,2026-09-09 08:03:00,1,3.74,3.74,1,Transient
506,8.230495000000001,80.35842500000001,2026-09-09 08:03:00,2026-09-09 08:03:00,2,6.19,9.13,1,Transient
507,8.273914999999999,80.29571999999999,2026-09-09 08:03:00,2026-09-09 08:03:00,2,6.025,6.91,1,Transient
508,8.28111,80.16239,2026-09-09 08:03:00,2026-09-09 08:03:00,1,2.68,2.68,1,Transient
509,8.30576,80.48531,2026-09-09 08:03:00,2026-09-09 08:03:00,1,6.8,6.8,1,Transient
510,8.30893,80.28085,2026-09-09 08:03:00,2026-09-09 08:03:00,1,5.14,5.14,1,Transient
511,8.383420000000001,80.2895,2026-09-09 08:03:00,2026-09-09 08:03:00,2,5.890000000000001,7.25,1,Transient
512,8.386285,80.274575,2026-09-09 08:03:00,2026-09-09 08:03:00,2,3.82,3.82,1,Transient
513,8.39463,80.45928333333333,2026-09-09 08:03:00,2026-09-09 08:03:00,3,4.32,5.74,1,Transient
514,8.47407,80.49440666666668,2026-09-09 08:03:00,2026-09-14 08:09:00,3,4.726666666666667,5.79,2,Transient
515,8.49775,80.1795,2026-09-09 08:03:00,2026-09-09 08:03:00,1,7.5,7.5,1,Transient
516,8.50176,80.36421,2026-09-09 08:03:00,2026-09-09 08:03:00,1,4.89,4.89,1,Transient
517,8.524104999999999,80.34583,2026-09-09 08:03:00,2026-09-09 08:03:00,2,1.78,1.78,1,Transient
518,8.55865,80.4062,2026-09-09 08:03:00,2026-09-09 08:03:00,1,9.1,9.1,1,Transient
519,8.607994999999999,80.377055,2026-09-09 08:03:00,2026-09-11 07:26:00,2,3.665,4.58,2,Transient
520,8.61338,80.41799499999999,2026-09-09 08:03:00,2026-09-09 08:03:00,2,4.045,4.07,1,Transient
521,8.653025,80.42427,2026-09-09 08:03:00,2026-09-09 08:03:00,2,5.18,6.18,1,Transient
522,8.689599999999999,80.37126,2026-09-09 08:03:00,2026-09-09 08:03:00,2,6.95,7.54,1,Transient
523,8.88022,80.30549,2026-09-09 08:03:00,2026-09-09 08:03:00,1,2.92,2.92,1,Transient
524,9.04945,80.07238,2026-09-09 08:03:00,2026-09-09 08:03:00,1,10.58,10.58,1,Transient
525,9.37343,78.79734,2026-09-09 08:03:00,2026-09-09 08:03:00,1,5.14,5.14,1,Transient
526,9.383189999999999,80.47107333333334,2026-09-09 08:03:00,2026-09-09 08:03:00,3,12.946666666666667,30.5,1,Transient
527,9.58811,80.33266,2026-09-09 08:03:00,2026-09-09 08:03:00,1,3.65,3.65,1,Transient
528,10.34697,79.31435,2026-09-09 08:03:00,2026-09-09 08:03:00,1,2.96,2.96,1,Transient
529,10.52183,79.2366,2026-09-09 08:03:00,2026-09-09 08:03:00,1,2.67,2.67,1,Transient
530,10.53991,79.67301,2026-09-09 08:03:00,2026-09-09 08:03:00,1,7.05,7.05,1,Transient
531,10.54028,77.77425,2026-09-09 08:03:00,2026-09-09 08:03:00,1,6.28,6.28,1,Transient
532,10.55722,79.22038,2026-09-09 08:03:00,2026-09-09 08:03:00,1,6.78,6.78,1,Transient
533,10.81844,79.1286,2026-09-09 08:03:00,2026-09-09 08:03:00,1,1.82,1.82,1,Transient
534,10.96822,79.55919,2026-09-09 08:03:00,2026-09-09 08:03:00,1,1.35,1.35,1,Transient
535,11.33365,78.77398,2026-09-09 08:03:00,2026-09-09 08:03:00,1,7.69,7.69,1,Transient
536,11.89375,78.74492,2026-09-09 08:03:00,2026-09-09 08:03:00,1,3.83,3.83,1,Transient
537,12.06441,79.20458,2026-09-09 08:03:00,2026-09-09 08:03:00,1,1.03,1.03,1,Transient
538,12.13256,79.73738,2026-09-09 08:03:00,2026-09-09 08:03:00,1,1.34,1.34,1,Transient
539,12.14694,79.87358,2026-09-09 08:03:00,2026-09-09 08:03:00,1,3.34,3.34,1,Transient
540,12.35188,79.28709,2026-09-09 08:03:00,2026-09-09 08:03:00,1,2.17,2.17,1,Transient
541,12.60612,80.15658,2026-09-09 08:03:00,2026-09-09 08:03:00,1,2.25,2.25,1,Transient
542,12.75158,79.99687,2026-09-09 08:03:00,2026-09-09 08:03:00,1,5.39,5.39,1,Transient
543,12.94421,78.92732,2026-09-09 08:03:00,2026-09-09 08:03:00,1,5.45,5.45,1,Transient
544,11.75512,77.01227,2026-09-09 20:38:00,2026-09-09 20:38:00,1,0.43,0.43,1,Transient
545,12.27269,77.37935,2026-09-09 20:38:00,2026-09-09 20:38:00,1,3.41,3.41,1,Transient
546,12.85013,77.58395,2026-09-09 20:38:00,2026-09-09 20:38:00,1,0.41,0.41,1,Transient
547,8.0018,80.11408,2026-09-10 07:44:00,2026-09-10 07:44:00,1,4.33,4.33,1,Transient
548,8.16179,80.40961,2026-09-10 07:44:00,2026-09-10 07:44:00,1,6.11,6.11,1,Transient
549,8.36626,80.27986,2026-09-10 07:44:00,2026-09-10 07:44:00,1,6.9,6.9,1,Transient
550,8.41569,77.66499,2026-09-10 07:44:00,2026-09-10 07:44:00,1,3.43,3.43,1,Transient
551,8.49768,80.283,2026-09-10 07:44:00,2026-09-10 07:44:00,1,4.91,4.91,1,Transient
552,8.50359,80.27306,2026-09-10 07:44:00,2026-09-10 07:44:00,1,12.38,12.38,1,Transient
553,8.61568,78.09698,2026-09-10 07:44:00,2026-09-10 07:44:00,1,4.47,4.47,1,Transient
554,8.70023,80.37247,2026-09-10 07:44:00,2026-09-10 07:44:00,1,7.4,7.4,1,Transient
555,8.83694,80.33418,2026-09-10 07:44:00,2026-09-10 07:44:00,1,3.47,3.47,1,Transient
556,8.905625,77.60351,2026-09-10 07:44:00,2026-09-10 07:44:00,2,4.140000000000001,4.95,1,Transient
557,8.94783,80.4623,2026-09-10 07:44:00,2026-09-10 07:44:00,2,12.64,15.06,1,Transient
558,8.96667,77.85931,2026-09-10 07:44:00,2026-09-10 07:44:00,1,14.16,14.16,1,Transient
559,9.02851,80.242535,2026-09-10 07:44:00,2026-09-10 07:44:00,2,8.094999999999999,8.78,1,Transient
560,9.24767,77.89903,2026-09-10 07:44:00,2026-09-10 07:44:00,1,12.1,12.1,1,Transient
561,9.2705,78.60549,2026-09-10 07:44:00,2026-09-10 07:44:00,1,2.3,2.3,1,Transient
562,9.36015,78.76106,2026-09-10 07:44:00,2026-09-10 07:44:00,1,1.88,1.88,1,Transient
563,9.40665,77.73219,2026-09-10 20:19:00,2026-09-10 20:19:00,1,1.52,1.52,1,Transient
564,8.319045,80.252305,2026-09-11 07:26:00,2026-09-11 07:26:00,2,5.645,6.52,1,Transient
565,8.31783,80.31797,2026-09-11 07:26:00,2026-09-11 07:26:00,1,3.64,3.64,1,Transient
566,8.328495,80.23237499999999,2026-09-11 07:26:00,2026-09-11 07:26:00,2,6.345000000000001,7.23,1,Transient
567,8.36492,80.20286,2026-09-11 07:26:00,2026-09-11 07:26:00,1,2.81,2.81,1,Transient
568,8.382175,80.419205,2026-09-11 07:26:00,2026-09-11 07:26:00,2,3.18,3.18,1,Transient
569,8.48778,80.46198,2026-09-11 07:26:00,2026-09-11 07:26:00,1,5.09,5.09,1,Transient
570,8.49171,80.13688,2026-09-11 07:26:00,2026-09-11 07:26:00,1,4.54,4.54,1,Transient
571,8.50888,80.17417,2026-09-11 07:26:00,2026-09-11 07:26:00,1,10.01,10.01,1,Transient
572,8.61894,80.47482,2026-09-11 07:26:00,2026-09-11 07:26:00,1,11.07,11.07,1,Transient
573,8.71072,80.17675,2026-09-11 07:26:00,2026-09-11 07:26:00,1,3.48,3.48,1,Transient
574,8.73207,80.35367500000001,2026-09-11 07:26:00,2026-09-11 07:26:00,2,2.71,2.9,1,Transient
575,11.635505,77.78400500000001,2026-09-11 20:00:00,2026-09-11 20:00:00,2,1.59,1.59,1,Transient
576,13.44537,80.09873,2026-09-11 20:00:00,2026-09-11 20:00:00,1,0.39,0.39,1,Transient
577,9.012575,79.856335,2026-09-12 07:07:00,2026-09-12 08:48:00,2,11.465,14.78,1,Transient
578,9.11475,80.29814,2026-09-12 07:07:00,2026-09-12 07:07:00,1,9.59,9.59,1,Transient
579,8.178445,79.910865,2026-09-12 08:45:00,2026-09-12 08:45:00,2,8.625,9.38,1,Transient
580,8.24815,80.27408,2026-09-12 08:45:00,2026-09-12 08:45:00,1,3.14,3.14,1,Transient
581,8.38151,77.63257,2026-09-12 08:48:00,2026-09-12 08:48:00,1,2.87,2.87,1,Transient
582,8.464611666666666,80.485115,2026-09-12 08:48:00,2026-09-14 08:09:00,6,6.976666666666667,9.06,3,Recurring
583,8.53089,80.258775,2026-09-12 08:48:00,2026-09-12 08:48:00,2,11.105,11.51,1,Transient
584,8.63273,77.95695,2026-09-12 08:48:00,2026-09-12 08:48:00,1,5.13,5.13,1,Transient
585,8.76355,80.2114,2026-09-12 08:48:00,2026-09-12 08:48:00,1,12.8,12.8,1,Transient
586,8.84051,77.56339,2026-09-12 08:48:00,2026-09-12 08:48:00,1,6.23,6.23,1,Transient
587,8.9391,77.54266,2026-09-12 08:48:00,2026-09-12 08:48:00,1,3.16,3.16,1,Transient
588,9.237855,77.484025,2026-09-12 08:48:00,2026-09-12 08:48:00,2,4.130000000000001,4.15,1,Transient
589,9.273,77.95239,2026-09-12 08:48:00,2026-09-12 08:48:00,1,2.97,2.97,1,Transient
590,9.809325000000001,77.91677,2026-09-12 08:48:00,2026-09-12 08:48:00,2,4.22,5.64,1,Transient
591,8.0092,80.19059,2026-09-13 08:28:00,2026-09-13 08:28:00,1,12.79,12.79,1,Transient
592,8.0292,80.16267,2026-09-13 08:28:00,2026-09-13 08:28:00,1,6.46,6.46,1,Transient
593,8.039769999999999,80.4268,2026-09-13 08:28:00,2026-09-13 08:28:00,3,8.82,9.92,1,Transient
594,8.039475,80.00134,2026-09-13 08:28:00,2026-09-13 08:28:00,2,26.46,30.68,1,Transient
595,8.0462,80.39101,2026-09-13 08:28:00,2026-09-13 08:28:00,1,3.72,3.72,1,Transient
596,8.11767,80.05849,2026-09-13 08:28:00,2026-09-13 08:28:00,1,1.99,1.99,1,Transient
597,8.154914999999999,80.453505,2026-09-13 08:28:00,2026-09-13 08:28:00,2,9.6,9.6,1,Transient
598,8.20092,80.34748,2026-09-13 08:28:00,2026-09-13 08:28:00,1,2.71,2.71,1,Transient
599,8.22543,80.412375,2026-09-13 08:28:00,2026-09-13 08:28:00,2,15.32,16.64,1,Transient
600,8.2373,80.39221,2026-09-13 08:28:00,2026-09-13 08:28:00,1,7.93,7.93,1,Transient
601,8.35588,80.29491,2026-09-13 08:28:00,2026-09-13 08:28:00,1,5.46,5.46,1,Transient
602,8.36272,80.48936,2026-09-13 08:28:00,2026-09-13 08:28:00,1,5.42,5.42,1,Transient
603,8.37162,80.48279,2026-09-13 08:28:00,2026-09-13 08:28:00,1,6.82,6.82,1,Transient
604,8.49624,80.24042,2026-09-13 08:28:00,2026-09-13 08:28:00,1,8.19,8.19,1,Transient
605,8.52375,80.41429500000001,2026-09-13 08:28:00,2026-09-13 08:28:00,2,11.55,12.4,1,Transient
606,8.55004,80.42806,2026-09-13 08:28:00,2026-09-13 08:28:00,1,9.82,9.82,1,Transient
607,8.58597,77.99529,2026-09-13 08:28:00,2026-09-13 08:28:00,1,4.45,4.45,1,Transient
608,8.614625,80.3991,2026-09-13 08:28:00,2026-09-13 08:28:00,2,8.58,11.15,1,Transient
609,8.62809,80.42668,2026-09-13 08:28:00,2026-09-13 08:28:00,2,9.145,9.43,1,Transient
610,8.65732,80.35207,2026-09-13 08:28:00,2026-09-13 08:28:00,1,10.75,10.75,1,Transient
611,9.718470000000002,78.94996666666667,2026-09-13 08:28:00,2026-09-14 08:09:00,3,5.486666666666667,6.16,2,Transient
612,9.79343,78.81542,2026-09-13 08:28:00,2026-09-13 08:28:00,1,4.69,4.69,1,Transient
613,8.09289,79.9213,2026-09-14 08:09:00,2026-09-14 08:09:00,1,7.0,7.0,1,Transient
614,8.33458,80.26307,2026-09-14 08:09:00,2026-09-14 08:09:00,1,6.83,6.83,1,Transient
615,8.47579,80.16636,2026-09-14 08:09:00,2026-09-14 08:09:00,1,13.84,13.84,1,Transient
616,8.4786,80.21029,2026-09-14 08:09:00,2026-09-14 08:09:00,1,3.96,3.96,1,Transient
617,8.55631,80.44611499999999,2026-09-14 08:09:00,2026-09-14 08:09:00,2,4.77,4.77,1,Transient
618,9.30373,78.84122,2026-09-14 08:09:00,2026-09-14 08:09:00,1,4.19,4.19,1,Transient
619,9.38062,78.88095,2026-09-14 08:09:00,2026-09-14 08:09:00,1,8.54,8.54,1,Transient
620,9.56643,80.3787,2026-09-14 08:09:00,2026-09-14 08:09:00,1,3.57,3.57,1,Transient
621,11.29935,77.66217,2026-09-14 08:09:00,2026-09-14 08:09:00,1,3.07,3.07,1,Transient
622,11.66629,79.68321,2026-09-14 08:09:00,2026-09-14 08:09:00,1,2.27,2.27,1,Transient
623,11.79338,79.61192,2026-09-14 08:09:00,2026-09-14 08:09:00,1,3.64,3.64,1,Transient
624,12.26682,76.79605,2026-09-14 08:09:00,2026-09-14 08:09:00,1,3.22,3.22,1,Transient
625,12.42312,77.78984,2026-09-14 08:09:00,2026-09-14 08:09:00,1,4.36,4.36,1,Transient
626,12.99095,76.12147,2026-09-14 08:09:00,2026-09-14 08:09:00,1,2.22,2.22,1,Transient
627,12.99763,77.86208,2026-09-14 08:09:00,2026-09-14 08:09:00,1,3.0,3.0,1,Transient
628,13.16683,76.5813,2026-09-14 08:09:00,2026-09-14 08:09:00,1,2.42,2.42,1,Transient
629,13.42161,77.4642,2026-09-14 08:09:00,2026-09-14 08:09:00,1,3.26,3.26,1,Transient
630,13.4731,77.76627,2026-09-14 08:09:00,2026-09-14 08:09:00,1,10.71,10.71,1,Transient
631,13.15995,80.28497,2026-09-14 20:44:00,2026-09-14 20:44:00,1,2.64,2.64,1,Transient
632,8.768385,77.33378,2026-09-15 07:50:00,2026-09-15 07:50:00,2,5.34,5.34,1,Transient
633,9.85442,76.45007,2026-09-15 07:52:00,2026-09-15 07:52:00,1,7.48,7.48,1,Transient
634,10.03031,76.72562,2026-09-15 07:52:00,2026-09-15 07:52:00,1,4.59,4.59,1,Transient
635,10.20695,79.01132,2026-09-15 07:52:00,2026-09-15 07:52:00,1,8.73,8.73,1,Transient
636,11.96841,78.91827,2026-09-15 07:52:00,2026-09-15 07:52:00,1,2.81,2.81,1,Transient
637,12.902470000000001,76.29541499999999,2026-09-15 07:52:00,2026-09-15 07:52:00,2,3.66,3.87,1,Transient
638,13.37898,76.37723,2026-09-15 07:52:00,2026-09-15 07:52:00,1,5.35,5.35,1,Transient
639,8.67164,78.07452,2026-09-15 20:25:00,2026-09-15 20:25:00,1,2.89,2.89,1,Transient
640,10.71444,78.09198,2026-09-15 20:25:00,2026-09-15 20:25:00,1,1.46,1.46,1,Transient
641,12.11792,78.95548,2026-09-15 20:25:00,2026-09-15 20:25:00,1,1.44,1.44,1,Transient
642,8.442309999999999,77.58882,2026-09-16 07:31:00,2026-09-16 07:31:00,2,3.59,3.74,1,Transient
643,8.49436,77.310595,2026-09-16 07:31:00,2026-09-16 07:31:00,2,5.485,7.2,1,Transient
644,9.40423,80.4836,2026-09-16 07:31:00,2026-09-16 07:31:00,1,4.98,4.98,1,Transient
645,9.47342,80.46737,2026-09-16 07:31:00,2026-09-16 07:31:00,1,6.24,6.24,1,Transient
646,9.49923,78.90596,2026-09-16 07:31:00,2026-09-16 07:31:00,1,5.95,5.95,1,Transient
647,10.64368,79.77027,2026-09-16 07:31:00,2026-09-16 07:31:00,1,7.67,7.67,1,Transient
648,10.816044999999999,77.829955,2026-09-16 07:31:00,2026-09-16 07:31:00,2,2.43,2.43,1,Transient
649,10.86719,78.58047,2026-09-16 07:31:00,2026-09-16 07:31:00,1,5.56,5.56,1,Transient
650,10.88714,77.81318,2026-09-16 07:31:00,2026-09-16 07:31:00,1,1.93,1.93,1,Transient
651,11.06173,77.64268,2026-09-16 07:31:00,2026-09-16 07:31:00,1,3.24,3.24,1,Transient
652,11.87182,79.46504,2026-09-16 07:31:00,2026-09-16 07:31:00,1,9.82,9.82,1,Transient
653,12.04965,79.08607,2026-09-16 07:31:00,2026-09-16 07:31:00,1,2.62,2.62,1,Transient
654,12.21233,79.92786,2026-09-16 07:31:00,2026-09-16 07:31:00,1,6.29,6.29,1,Transient
655,12.51927,80.01708,2026-09-16 07:31:00,2026-09-16 07:31:00,1,2.28,2.28,1,Transient
656,12.68042,79.69836,2026-09-16 07:31:00,2026-09-16 07:31:00,1,4.07,4.07,1,Transient
657,12.83684,79.94046,2026-09-16 07:33:00,2026-09-16 07:33:00,1,5.83,5.83,1,Transient
658,12.87949,79.90715,2026-09-16 07:33:00,2026-09-16 07:33:00,1,5.66,5.66,1,Transient
659,13.00124,77.41275,2026-09-16 20:06:00,2026-09-16 20:06:00,1,0.87,0.87,1,Transient
660,13.34493,76.99017,2026-09-16 20:06:00,2026-09-16 20:06:00,1,1.21,1.21,1,Transient
661,13.42476,79.93306,2026-09-17 07:14:00,2026-09-17 07:14:00,1,11.3,11.3,1,Transient
662,9.08144,77.9013,2026-09-17 08:54:00,2026-09-17 08:54:00,1,5.09,5.09,1,Transient
663,8.28809,80.29454,2026-09-18 08:35:00,2026-09-18 08:35:00,1,2.25,2.25,1,Transient
664,8.38403,77.55009,2026-09-18 08:35:00,2026-09-18 08:35:00,1,8.4,8.4,1,Transient
665,8.58515,77.63615,2026-09-18 08:35:00,2026-09-18 08:35:00,1,8.53,8.53,1,Transient
666,8.76047,77.37704,2026-09-18 08:35:00,2026-09-18 08:35:00,1,4.35,4.35,1,Transient
667,8.814353333333333,80.06166666666667,2026-09-18 08:35:00,2026-09-18 08:35:00,3,3.3200000000000003,3.69,1,Transient
668,8.82611,77.65717000000001,2026-09-18 08:35:00,2026-09-18 08:35:00,2,3.31,3.33,1,Transient
669,8.828163333333334,77.63995666666666,2026-09-18 08:35:00,2026-09-18 08:35:00,3,10.676666666666668,15.08,1,Transient
670,8.88981,77.72916,2026-09-18 08:35:00,2026-09-18 08:35:00,1,7.95,7.95,1,Transient
671,8.97558,76.81163,2026-09-18 08:35:00,2026-09-18 08:35:00,1,3.86,3.86,1,Transient
672,9.085095,80.315225,2026-09-18 08:35:00,2026-09-18 08:35:00,2,5.9,5.9,1,Transient
673,9.10295,80.3059,2026-09-18 08:35:00,2026-09-18 08:35:00,1,5.75,5.75,1,Transient
674,9.12303,80.29285,2026-09-18 08:35:00,2026-09-18 08:35:00,1,2.28,2.28,1,Transient
675,9.17755,77.85369,2026-09-18 08:35:00,2026-09-18 08:35:00,1,4.3,4.3,1,Transient
676,9.28672,78.20463,2026-09-18 08:35:00,2026-09-18 08:35:00,1,26.8,26.8,1,Transient
677,9.30818,77.46856,2026-09-18 08:35:00,2026-09-18 08:35:00,1,4.97,4.97,1,Transient
678,9.60575,78.4659,2026-09-18 08:35:00,2026-09-18 08:35:00,1,8.27,8.27,1,Transient
679,9.6119,78.40235,2026-09-18 08:35:00,2026-09-18 08:35:00,1,22.97,22.97,1,Transient
680,9.95901,79.10687,2026-09-18 08:35:00,2026-09-18 08:35:00,1,2.0,2.0,1,Transient
681,10.44981,79.58291,2026-09-18 08:37:00,2026-09-18 08:37:00,1,4.48,4.48,1,Transient
682,10.56491,79.17277,2026-09-18 08:37:00,2026-09-18 08:37:00,1,4.85,4.85,1,Transient
683,11.01922,79.29468,2026-09-18 08:37:00,2026-09-18 08:37:00,1,4.1,4.1,1,Transient
684,11.68966,79.06055,2026-09-18 08:37:00,2026-09-18 08:37:00,1,6.52,6.52,1,Transient
685,11.88698,79.25803,2026-09-18 08:37:00,2026-09-18 08:37:00,1,5.16,5.16,1,Transient
686,12.25466,79.15068,2026-09-18 08:37:00,2026-09-18 08:37:00,1,3.54,3.54,1,Transient
687,9.52283,78.82097,2026-09-18 19:30:00,2026-09-18 19:30:00,1,1.87,1.87,1,Transient
688,8.05619,80.08702500000001,2026-09-19 08:16:00,2026-09-19 08:16:00,2,5.2,5.2,1,Transient
689,8.21635,77.71369,2026-09-19 08:16:00,2026-09-19 08:16:00,1,6.2,6.2,1,Transient
690,8.582,78.07313,2026-09-19 08:16:00,2026-09-19 08:16:00,1,3.5,3.5,1,Transient
691,10.20214,78.45383,2026-09-19 08:16:00,2026-09-19 08:16:00,1,2.95,2.95,1,Transient
692,12.08997,76.92316,2026-09-19 08:16:00,2026-09-19 08:16:00,1,4.54,4.54,1,Transient
693,12.09817,76.74437,2026-09-19 08:16:00,2026-09-19 08:16:00,1,4.94,4.94,1,Transient
694,12.41293,80.09139,2026-09-19 08:16:00,2026-09-19 08:16:00,1,2.55,2.55,1,Transient
695,12.56155,76.31815,2026-09-19 08:16:00,2026-09-19 08:16:00,1,4.41,4.41,1,Transient
696,12.58635,77.62064,2026-09-19 08:16:00,2026-09-19 08:16:00,1,6.64,6.64,1,Transient
697,9.13704,77.80103,2026-09-20 07:58:00,2026-09-20 07:58:00,1,7.18,7.18,1,Transient
698,9.32728,77.40293,2026-09-20 07:58:00,2026-09-20 07:58:00,1,9.11,9.11,1,Transient
699,8.693265,80.4574,2026-09-21 07:37:00,2026-09-21 07:37:00,2,8.459999999999999,12.2,1,Transient
700,13.34381,77.710535,2026-09-21 07:39:00,2026-09-21 07:39:00,2,7.775,10.02,1,Transient
701,8.66142,78.05058,2026-09-22 07:20:00,2026-09-22 07:20:00,1,3.93,3.93,1,Transient
702,8.67625,77.473935,2026-09-22 07:20:00,2026-09-22 07:20:00,2,14.12,14.12,1,Transient
703,9.08463,80.3308,2026-09-22 07:20:00,2026-09-22 07:20:00,1,4.63,4.63,1,Transient
704,9.264455,77.483125,2026-09-22 19:55:00,2026-09-22 19:55:00,2,1.415,1.68,1,Transient
705,8.81421,77.98473,2026-09-23 08:39:00,2026-09-23 08:39:00,1,1.76,1.76,1,Transient
706,8.83971,77.94307,2026-09-23 08:39:00,2026-09-23 08:39:00,2,10.74,10.74,1,Transient
707,8.918709999999999,78.0773825,2026-09-23 08:39:00,2026-09-23 08:39:00,4,5.175,7.43,1,Transient
708,9.0476,78.19106,2026-09-23 08:39:00,2026-09-23 08:39:00,1,1.45,1.45,1,Transient
