latitude,longitude,bright_ti4,scan,track,acq_date,acq_time,satellite,instrument,confidence,version,bright_ti5,frp,daynight
8.42284,80.19805,333.02,0.5,0.41,2026-08-25,744,N21,VIIRS,n,2.0NRT,290.25,3.15,D
10.77575,78.88298,305.38,0.39,0.36,2026-08-25,2019,N21,VIIRS,n,2.0NRT,283.61,1.6,N
11.26698,80.00464,305.21,0.41,0.37,2026-08-25,2019,N21,VIIRS,n,2.0NRT,275.28,1.48,N
12.2171,79.00295,299.01,0.39,0.36,2026-08-25,2019,N21,VIIRS,n,2.0NRT,272.29,0.9,N
12.91749,79.11784,304.36,0.39,0.36,2026-08-25,2019,N21,VIIRS,n,2.0NRT,281.42,0.7,N
8.47969,80.36192,332.81,0.33,0.55,2026-08-26,726,N21,VIIRS,n,2.0NRT,284.05,10.08,D
8.48021,80.36486,355.46,0.33,0.55,2026-08-26,726,N21,VIIRS,l,2.0NRT,283.93,10.44,D
8.84246,80.37051,367.0,0.32,0.55,2026-08-26,726,N21,VIIRS,h,2.0NRT,290.49,7.96,D
8.9117,80.47472,338.16,0.63,0.54,2026-08-26,726,N21,VIIRS,n,2.0NRT,289.9,11.6,D
9.23741,80.32394,332.77,0.32,0.55,2026-08-26,726,N21,VIIRS,n,2.0NRT,290.25,1.76,D
9.27424,80.15481,330.55,0.33,0.55,2026-08-26,726,N21,VIIRS,n,2.0NRT,289.88,2.74,D
9.34347,80.16696,346.15,0.33,0.55,2026-08-26,726,N21,VIIRS,n,2.0NRT,290.17,6.12,D
9.39075,78.88336,336.06,0.4,0.6,2026-08-26,726,N21,VIIRS,n,2.0NRT,291.74,2.89,D
9.43175,80.37721,330.8,0.63,0.54,2026-08-26,726,N21,VIIRS,n,2.0NRT,291.89,7.51,D
9.44243,80.49594,331.63,0.62,0.54,2026-08-26,726,N21,VIIRS,n,2.0NRT,293.33,5.77,D
9.45457,80.4912,333.31,0.62,0.54,2026-08-26,726,N21,VIIRS,n,2.0NRT,292.57,16.03,D
9.45557,80.49669,340.96,0.62,0.54,2026-08-26,726,N21,VIIRS,n,2.0NRT,293.67,16.03,D
9.45706,80.49337,343.5,0.62,0.54,2026-08-26,726,N21,VIIRS,n,2.0NRT,293.49,18.95,D
10.38894,79.17622,330.34,0.37,0.58,2026-08-26,726,N21,VIIRS,n,2.0NRT,292.83,5.0,D
11.74077,78.97653,347.16,0.36,0.57,2026-08-26,726,N21,VIIRS,n,2.0NRT,294.02,3.99,D
11.7447,79.05466,333.07,0.35,0.57,2026-08-26,726,N21,VIIRS,n,2.0NRT,295.21,1.51,D
11.26812,80.00212,308.67,0.45,0.39,2026-08-26,2000,N21,VIIRS,n,2.0NRT,282.57,1.51,N
11.80773,77.92281,307.55,0.39,0.44,2026-08-26,2000,N21,VIIRS,n,2.0NRT,279.96,1.42,N
11.81676,77.91685,300.49,0.39,0.44,2026-08-26,2000,N21,VIIRS,n,2.0NRT,280.09,0.64,N
9.41347,80.41784,328.41,0.66,0.73,2026-08-27,707,N21,VIIRS,n,2.0NRT,288.67,3.85,D
9.08281,77.96626,331.57,0.43,0.62,2026-08-27,848,N21,VIIRS,n,2.0NRT,294.28,3.55,D
9.18647,77.63859,330.03,0.41,0.6,2026-08-27,848,N21,VIIRS,n,2.0NRT,292.53,0.83,D
9.18691,77.63944,331.4,0.41,0.6,2026-08-27,848,N21,VIIRS,n,2.0NRT,291.35,1.26,D
9.20358,77.94232,343.32,0.43,0.62,2026-08-27,848,N21,VIIRS,n,2.0NRT,296.38,4.47,D
9.20698,77.93936,332.0,0.43,0.62,2026-08-27,848,N21,VIIRS,n,2.0NRT,296.61,9.27,D
9.38556,77.56399,330.37,0.4,0.6,2026-08-27,848,N21,VIIRS,n,2.0NRT,292.71,4.92,D
9.39247,80.4873,330.79,0.64,0.72,2026-08-27,848,N21,VIIRS,n,2.0NRT,290.24,11.0,D
9.91148,78.28306,333.73,0.46,0.64,2026-08-27,848,N21,VIIRS,n,2.0NRT,291.88,3.22,D
10.05289,77.95028,355.42,0.44,0.62,2026-08-27,848,N21,VIIRS,n,2.0NRT,292.05,11.04,D
10.87824,77.60252,332.96,0.43,0.62,2026-08-27,848,N21,VIIRS,n,2.0NRT,294.52,1.69,D
10.97389,77.72894,330.9,0.44,0.62,2026-08-27,848,N21,VIIRS,n,2.0NRT,295.82,4.69,D
8.38569,80.18303,330.97,0.56,0.51,2026-08-28,828,N21,VIIRS,n,2.0NRT,289.07,3.06,D
8.49315,80.21699,334.7,0.56,0.52,2026-08-28,828,N21,VIIRS,n,2.0NRT,291.02,5.37,D
8.56604,78.08351,332.18,0.41,0.45,2026-08-28,828,N21,VIIRS,l,2.0NRT,303.65,1.94,D
8.60504,80.46202,341.86,0.59,0.52,2026-08-28,828,N21,VIIRS,n,2.0NRT,291.89,29.81,D
8.60969,77.83566,339.17,0.39,0.44,2026-08-28,828,N21,VIIRS,n,2.0NRT,306.85,6.03,D
8.60984,80.46139,341.14,0.59,0.52,2026-08-28,828,N21,VIIRS,n,2.0NRT,291.11,13.78,D
8.71279,77.97305,343.0,0.4,0.44,2026-08-28,828,N21,VIIRS,n,2.0NRT,308.96,7.52,D
8.80825,80.01944,335.42,0.55,0.51,2026-08-28,828,N21,VIIRS,n,2.0NRT,293.06,5.55,D
8.81104,80.01739,339.67,0.55,0.51,2026-08-28,828,N21,VIIRS,n,2.0NRT,292.45,5.76,D
8.85495,80.46632,341.25,0.59,0.53,2026-08-28,828,N21,VIIRS,n,2.0NRT,293.81,7.05,D
8.86089,77.99239,337.56,0.4,0.44,2026-08-28,828,N21,VIIRS,l,2.0NRT,308.96,3.92,D
8.8614,77.99268,337.88,0.4,0.44,2026-08-28,828,N21,VIIRS,l,2.0NRT,308.55,3.59,D
8.99345,77.86612,337.63,0.4,0.44,2026-08-28,828,N21,VIIRS,n,2.0NRT,307.56,4.63,D
9.05433,80.49529,334.06,0.6,0.53,2026-08-28,828,N21,VIIRS,n,2.0NRT,295.79,8.53,D
9.06493,77.68907,340.71,0.39,0.44,2026-08-28,828,N21,VIIRS,n,2.0NRT,305.91,4.13,D
9.0767,77.56914,338.85,0.57,0.43,2026-08-28,828,N21,VIIRS,n,2.0NRT,306.27,4.9,D
9.07731,77.57346,342.45,0.38,0.43,2026-08-28,828,N21,VIIRS,n,2.0NRT,305.29,4.03,D
9.18652,77.78751,350.7,0.4,0.44,2026-08-28,828,N21,VIIRS,n,2.0NRT,307.2,15.58,D
9.26581,77.91255,344.05,0.4,0.44,2026-08-28,828,N21,VIIRS,n,2.0NRT,295.15,5.95,D
9.2775,78.39238,332.61,0.43,0.46,2026-08-28,828,N21,VIIRS,n,2.0NRT,300.75,4.12,D
9.27803,78.39629,348.85,0.43,0.46,2026-08-28,828,N21,VIIRS,n,2.0NRT,302.26,4.12,D
9.28223,78.3957,342.73,0.43,0.46,2026-08-28,828,N21,VIIRS,n,2.0NRT,301.7,3.85,D
9.33282,78.42058,341.42,0.44,0.46,2026-08-28,828,N21,VIIRS,n,2.0NRT,303.56,6.56,D
9.37102,77.52661,334.6,0.38,0.43,2026-08-28,828,N21,VIIRS,l,2.0NRT,305.85,3.24,D
9.37401,78.6227,341.48,0.45,0.47,2026-08-28,828,N21,VIIRS,n,2.0NRT,302.93,5.53,D
9.40697,78.81196,338.76,0.46,0.47,2026-08-28,828,N21,VIIRS,n,2.0NRT,301.08,3.78,D
9.40914,78.81119,334.12,0.46,0.47,2026-08-28,828,N21,VIIRS,n,2.0NRT,300.42,1.73,D
9.4172,77.50932,337.26,0.38,0.43,2026-08-28,828,N21,VIIRS,l,2.0NRT,307.6,3.45,D
9.42099,80.38881,338.89,0.59,0.53,2026-08-28,828,N21,VIIRS,n,2.0NRT,297.22,6.43,D
9.43409,80.37614,339.95,0.59,0.53,2026-08-28,828,N21,VIIRS,n,2.0NRT,297.81,8.25,D
9.43479,80.3815,337.41,0.59,0.53,2026-08-28,828,N21,VIIRS,n,2.0NRT,297.81,8.0,D
9.53326,78.18642,344.34,0.42,0.45,2026-08-28,828,N21,VIIRS,n,2.0NRT,307.81,11.28,D
9.53541,78.18616,344.4,0.42,0.46,2026-08-28,828,N21,VIIRS,n,2.0NRT,306.73,7.91,D
9.55345,78.51564,341.09,0.45,0.47,2026-08-28,828,N21,VIIRS,n,2.0NRT,308.43,54.45,D
9.68469,78.36857,345.19,0.44,0.46,2026-08-28,828,N21,VIIRS,n,2.0NRT,307.1,13.95,D
9.71987,77.97552,346.61,0.41,0.45,2026-08-28,828,N21,VIIRS,n,2.0NRT,304.06,8.76,D
9.8426,78.13952,339.23,0.42,0.46,2026-08-28,828,N21,VIIRS,n,2.0NRT,305.62,6.3,D
9.88012,78.4716,335.03,0.45,0.47,2026-08-28,828,N21,VIIRS,n,2.0NRT,303.66,2.73,D
10.03975,77.97247,338.0,0.42,0.45,2026-08-28,828,N21,VIIRS,n,2.0NRT,304.45,5.07,D
10.44864,79.65552,335.25,0.55,0.51,2026-08-28,828,N21,VIIRS,n,2.0NRT,294.59,3.77,D
10.53153,78.34397,332.5,0.45,0.47,2026-08-28,828,N21,VIIRS,n,2.0NRT,295.32,2.69,D
10.53212,78.34332,334.17,0.45,0.47,2026-08-28,828,N21,VIIRS,n,2.0NRT,295.99,4.64,D
11.16639,78.01994,337.01,0.44,0.46,2026-08-28,828,N21,VIIRS,n,2.0NRT,299.49,3.13,D
11.23093,78.85033,335.32,0.49,0.49,2026-08-28,828,N21,VIIRS,n,2.0NRT,296.68,1.73,D
11.09134,76.9546,332.31,0.56,0.43,2026-08-28,830,N21,VIIRS,n,2.0NRT,299.78,5.04,D
11.48213,79.03663,337.21,0.51,0.5,2026-08-28,830,N21,VIIRS,n,2.0NRT,293.55,2.53,D
11.48553,79.03905,333.95,0.51,0.5,2026-08-28,830,N21,VIIRS,n,2.0NRT,293.93,1.84,D
12.41271,77.18036,340.01,0.4,0.44,2026-08-28,830,N21,VIIRS,n,2.0NRT,289.55,6.76,D
12.65077,79.52586,340.98,0.58,0.52,2026-08-28,830,N21,VIIRS,n,2.0NRT,297.05,18.17,D
13.32397,76.02139,332.09,0.53,0.42,2026-08-28,830,N21,VIIRS,n,2.0NRT,294.29,6.95,D
8.03799,80.01488,333.74,0.43,0.38,2026-08-29,809,N21,VIIRS,n,2.0NRT,295.98,4.84,D
8.60741,77.97129,337.16,0.39,0.36,2026-08-29,809,N21,VIIRS,n,2.0NRT,294.04,5.38,D
8.64931,80.38313,332.53,0.45,0.39,2026-08-29,809,N21,VIIRS,n,2.0NRT,291.16,2.38,D
8.64932,77.84006,343.62,0.38,0.36,2026-08-29,809,N21,VIIRS,n,2.0NRT,300.52,3.29,D
8.69619,80.35628,341.85,0.45,0.39,2026-08-29,809,N21,VIIRS,n,2.0NRT,281.54,6.39,D
8.75016,78.08366,337.4,0.39,0.36,2026-08-29,809,N21,VIIRS,n,2.0NRT,300.03,6.22,D
8.75985,77.6738,337.27,0.38,0.36,2026-08-29,809,N21,VIIRS,n,2.0NRT,304.89,1.58,D
8.84902,80.38763,329.71,0.45,0.39,2026-08-29,809,N21,VIIRS,n,2.0NRT,295.76,3.26,D
8.85074,80.42461,336.56,0.45,0.39,2026-08-29,809,N21,VIIRS,n,2.0NRT,295.28,3.26,D
8.8745,77.98587,338.37,0.39,0.36,2026-08-29,809,N21,VIIRS,n,2.0NRT,303.04,5.31,D
8.91108,80.4406,346.56,0.45,0.39,2026-08-29,809,N21,VIIRS,n,2.0NRT,289.26,9.58,D
8.91688,80.43262,328.96,0.45,0.39,2026-08-29,809,N21,VIIRS,n,2.0NRT,286.75,2.84,D
8.93593,80.3884,335.47,0.45,0.39,2026-08-29,809,N21,VIIRS,n,2.0NRT,294.54,4.35,D
8.93651,80.39246,333.11,0.45,0.39,2026-08-29,809,N21,VIIRS,n,2.0NRT,295.95,5.68,D
8.96052,77.90134,337.09,0.39,0.36,2026-08-29,809,N21,VIIRS,n,2.0NRT,300.26,2.91,D
9.02114,80.17536,335.22,0.44,0.38,2026-08-29,809,N21,VIIRS,n,2.0NRT,287.78,6.05,D
9.17868,80.46647,337.39,0.46,0.39,2026-08-29,809,N21,VIIRS,n,2.0NRT,289.77,8.73,D
9.17927,80.47058,336.15,0.46,0.39,2026-08-29,809,N21,VIIRS,n,2.0NRT,291.03,8.73,D
9.24698,80.31161,332.78,0.45,0.39,2026-08-29,809,N21,VIIRS,n,2.0NRT,285.66,4.14,D
9.39508,80.46182,332.28,0.46,0.39,2026-08-29,809,N21,VIIRS,n,2.0NRT,279.8,3.77,D
9.41414,80.44216,334.1,0.46,0.39,2026-08-29,809,N21,VIIRS,n,2.0NRT,276.82,5.16,D
9.42272,78.75917,331.63,0.4,0.37,2026-08-29,809,N21,VIIRS,n,2.0NRT,290.73,3.76,D
9.43546,80.3385,336.38,0.45,0.39,2026-08-29,809,N21,VIIRS,n,2.0NRT,279.62,6.99,D
9.49544,78.76971,340.22,0.4,0.37,2026-08-29,809,N21,VIIRS,n,2.0NRT,281.45,4.96,D
9.6286,78.5695,330.03,0.4,0.37,2026-08-29,809,N21,VIIRS,n,2.0NRT,290.39,1.55,D
9.63193,78.56899,332.81,0.4,0.37,2026-08-29,809,N21,VIIRS,n,2.0NRT,289.55,1.55,D
9.6353,80.29417,336.56,0.45,0.39,2026-08-29,809,N21,VIIRS,n,2.0NRT,296.95,3.98,D
9.69329,77.82059,338.36,0.39,0.36,2026-08-29,809,N21,VIIRS,n,2.0NRT,305.19,5.11,D
9.76454,80.26393,334.94,0.45,0.39,2026-08-29,809,N21,VIIRS,n,2.0NRT,295.08,1.66,D
9.8565,78.18187,331.13,0.39,0.36,2026-08-29,809,N21,VIIRS,l,2.0NRT,302.4,2.82,D
9.96644,78.03188,340.46,0.39,0.36,2026-08-29,809,N21,VIIRS,n,2.0NRT,301.39,3.67,D
9.98556,78.31762,342.21,0.39,0.36,2026-08-29,809,N21,VIIRS,n,2.0NRT,309.43,6.83,D
10.40263,79.35952,336.63,0.42,0.38,2026-08-29,809,N21,VIIRS,n,2.0NRT,304.48,3.41,D
10.40814,79.51502,345.82,0.43,0.38,2026-08-29,809,N21,VIIRS,n,2.0NRT,303.98,4.87,D
10.51079,79.66752,337.73,0.43,0.38,2026-08-29,809,N21,VIIRS,n,2.0NRT,302.68,6.97,D
10.52717,79.34861,335.93,0.42,0.38,2026-08-29,809,N21,VIIRS,n,2.0NRT,305.39,2.96,D
10.85161,78.75615,340.1,0.41,0.37,2026-08-29,809,N21,VIIRS,n,2.0NRT,307.17,8.61,D
10.93597,78.47108,339.62,0.4,0.37,2026-08-29,809,N21,VIIRS,n,2.0NRT,301.67,6.07,D
10.93779,78.20586,337.13,0.39,0.36,2026-08-29,809,N21,VIIRS,n,2.0NRT,302.71,4.0,D
10.95573,78.87653,347.12,0.41,0.37,2026-08-29,809,N21,VIIRS,n,2.0NRT,305.99,9.96,D
10.98005,79.4278,332.11,0.43,0.38,2026-08-29,809,N21,VIIRS,n,2.0NRT,293.0,2.61,D
11.12129,78.68881,340.11,0.41,0.37,2026-08-29,809,N21,VIIRS,n,2.0NRT,305.97,7.72,D
11.38602,78.86941,337.84,0.41,0.37,2026-08-29,809,N21,VIIRS,n,2.0NRT,306.96,3.92,D
11.45934,79.18013,331.81,0.42,0.38,2026-08-29,809,N21,VIIRS,l,2.0NRT,304.5,1.85,D
11.63834,77.61632,332.91,0.39,0.36,2026-08-29,809,N21,VIIRS,n,2.0NRT,301.31,3.44,D
12.03365,79.08008,335.61,0.42,0.38,2026-08-29,809,N21,VIIRS,n,2.0NRT,304.57,6.0,D
12.03421,79.08394,335.8,0.42,0.38,2026-08-29,809,N21,VIIRS,n,2.0NRT,305.53,5.09,D
12.15724,79.71613,336.86,0.45,0.39,2026-08-29,809,N21,VIIRS,n,2.0NRT,304.83,5.78,D
12.17833,79.73863,346.04,0.45,0.39,2026-08-29,809,N21,VIIRS,n,2.0NRT,305.27,12.19,D
12.17855,79.73819,345.4,0.45,0.39,2026-08-29,809,N21,VIIRS,n,2.0NRT,305.64,11.61,D
12.46093,79.10439,332.34,0.43,0.38,2026-08-29,809,N21,VIIRS,l,2.0NRT,303.76,2.1,D
12.62554,77.69179,330.23,0.39,0.36,2026-08-29,809,N21,VIIRS,l,2.0NRT,301.16,2.07,D
12.78404,79.31249,338.53,0.44,0.38,2026-08-29,809,N21,VIIRS,n,2.0NRT,300.19,8.47,D
12.81844,79.32784,330.65,0.44,0.38,2026-08-29,809,N21,VIIRS,n,2.0NRT,298.71,2.38,D
12.8281,79.57608,338.2,0.45,0.39,2026-08-29,809,N21,VIIRS,n,2.0NRT,302.42,9.18,D
13.38702,78.08879,333.31,0.4,0.37,2026-08-29,809,N21,VIIRS,n,2.0NRT,301.85,1.87,D
10.93692,78.46759,317.71,0.5,0.49,2026-08-29,2044,N21,VIIRS,n,2.0NRT,290.06,2.94,N
10.94139,78.46842,329.14,0.5,0.49,2026-08-29,2044,N21,VIIRS,n,2.0NRT,289.92,4.22,N
11.58347,77.52039,316.58,0.43,0.46,2026-08-29,2044,N21,VIIRS,n,2.0NRT,287.12,1.7,N
8.67362,78.03297,305.07,0.52,0.5,2026-08-29,2046,N21,VIIRS,n,2.0NRT,283.77,1.52,N
9.30188,77.40331,309.77,0.46,0.47,2026-08-29,2046,N21,VIIRS,n,2.0NRT,290.41,0.96,N
9.75441,77.52235,304.88,0.46,0.47,2026-08-29,2046,N21,VIIRS,n,2.0NRT,288.71,3.36,N
9.75514,77.5182,336.79,0.46,0.47,2026-08-29,2046,N21,VIIRS,n,2.0NRT,290.51,3.36,N
9.75646,77.51951,339.71,0.46,0.47,2026-08-29,2046,N21,VIIRS,n,2.0NRT,290.17,6.77,N
10.07835,77.31503,295.94,0.44,0.46,2026-08-29,2046,N21,VIIRS,n,2.0NRT,281.68,0.23,N
8.93206,77.96355,336.81,0.53,0.42,2026-08-30,750,N21,VIIRS,n,2.0NRT,292.55,6.73,D
9.11486,77.77372,331.27,0.54,0.42,2026-08-30,750,N21,VIIRS,n,2.0NRT,292.81,3.44,D
9.40275,80.4299,330.63,0.41,0.37,2026-08-30,750,N21,VIIRS,l,2.0NRT,289.9,2.23,D
9.44347,77.66592,337.18,0.55,0.42,2026-08-30,750,N21,VIIRS,n,2.0NRT,295.43,7.48,D
9.44426,77.67081,348.44,0.54,0.42,2026-08-30,750,N21,VIIRS,n,2.0NRT,298.89,16.1,D
9.44579,77.66801,351.06,0.54,0.42,2026-08-30,750,N21,VIIRS,n,2.0NRT,297.64,17.27,D
11.81002,77.2115,340.99,0.54,0.42,2026-08-30,752,N21,VIIRS,n,2.0NRT,298.3,11.53,D
9.66644,77.4579,301.05,0.4,0.37,2026-08-30,2025,N21,VIIRS,n,2.0NRT,284.78,0.88,N
9.66702,77.4543,301.83,0.4,0.37,2026-08-30,2025,N21,VIIRS,n,2.0NRT,284.41,0.68,N
9.97713,76.37589,300.76,0.38,0.36,2026-08-30,2025,N21,VIIRS,n,2.0NRT,281.22,0.97,N
10.1045,77.46542,307.32,0.4,0.37,2026-08-30,2025,N21,VIIRS,n,2.0NRT,290.73,0.59,N
11.18236,79.10169,308.16,0.44,0.38,2026-08-30,2025,N21,VIIRS,n,2.0NRT,286.73,1.27,N
11.81654,77.91914,308.82,0.4,0.37,2026-08-30,2025,N21,VIIRS,n,2.0NRT,289.99,1.71,N
8.03408,80.19231,340.68,0.53,0.5,2026-08-31,731,N21,VIIRS,n,2.0NRT,299.7,16.12,D
8.03412,80.19515,342.01,0.53,0.5,2026-08-31,731,N21,VIIRS,n,2.0NRT,299.78,17.47,D
8.03635,80.40153,339.91,0.51,0.5,2026-08-31,731,N21,VIIRS,n,2.0NRT,299.38,4.72,D
8.12984,80.14678,330.18,0.53,0.5,2026-08-31,731,N21,VIIRS,n,2.0NRT,299.5,3.91,D
8.13024,80.1483,330.09,0.53,0.5,2026-08-31,731,N21,VIIRS,n,2.0NRT,299.51,4.73,D
8.19619,77.55958,330.48,0.4,0.6,2026-08-31,731,N21,VIIRS,n,2.0NRT,293.99,3.4,D
8.22025,80.20634,331.08,0.53,0.5,2026-08-31,731,N21,VIIRS,n,2.0NRT,298.58,2.74,D
8.33914,80.21149,342.98,0.52,0.5,2026-08-31,731,N21,VIIRS,n,2.0NRT,303.33,11.28,D
8.34743,80.20525,342.35,0.52,0.5,2026-08-31,731,N21,VIIRS,n,2.0NRT,304.4,17.86,D
8.38223,80.15819,339.04,0.53,0.5,2026-08-31,731,N21,VIIRS,n,2.0NRT,303.09,14.97,D
8.38305,80.16289,343.0,0.53,0.5,2026-08-31,731,N21,VIIRS,n,2.0NRT,304.62,14.97,D
8.38596,80.15272,340.08,0.53,0.5,2026-08-31,731,N21,VIIRS,n,2.0NRT,301.55,8.28,D
8.38678,80.1574,341.99,0.53,0.5,2026-08-31,731,N21,VIIRS,n,2.0NRT,303.55,14.97,D
8.39142,80.38304,341.08,0.51,0.49,2026-08-31,731,N21,VIIRS,n,2.0NRT,300.9,10.55,D
8.39323,80.38007,340.17,0.51,0.49,2026-08-31,731,N21,VIIRS,n,2.0NRT,299.37,4.19,D
8.41513,80.32014,334.19,0.51,0.5,2026-08-31,731,N21,VIIRS,n,2.0NRT,303.8,7.71,D
8.43551,80.33078,340.64,0.51,0.5,2026-08-31,731,N21,VIIRS,n,2.0NRT,300.02,4.88,D
8.43957,80.19196,337.9,0.52,0.5,2026-08-31,731,N21,VIIRS,n,2.0NRT,301.65,6.35,D
8.59065,80.41304,345.04,0.5,0.49,2026-08-31,731,N21,VIIRS,n,2.0NRT,302.86,7.92,D
8.62995,80.38409,332.97,0.5,0.49,2026-08-31,731,N21,VIIRS,n,2.0NRT,301.43,8.8,D
8.68145,80.28164,333.86,0.51,0.49,2026-08-31,731,N21,VIIRS,l,2.0NRT,304.54,6.77,D
8.71056,80.42584,333.21,0.5,0.49,2026-08-31,731,N21,VIIRS,l,2.0NRT,305.36,9.1,D
8.73938,77.75655,342.22,0.38,0.59,2026-08-31,731,N21,VIIRS,n,2.0NRT,300.04,3.62,D
8.80248,80.43476,338.61,0.5,0.49,2026-08-31,731,N21,VIIRS,n,2.0NRT,303.56,5.73,D
8.85157,80.38142,342.74,0.5,0.49,2026-08-31,731,N21,VIIRS,n,2.0NRT,306.84,8.64,D
8.90189,80.48717,340.04,0.49,0.49,2026-08-31,731,N21,VIIRS,n,2.0NRT,303.36,5.56,D
8.91413,80.42585,349.56,0.5,0.49,2026-08-31,731,N21,VIIRS,n,2.0NRT,304.37,18.71,D
8.91856,80.42508,342.21,0.5,0.49,2026-08-31,731,N21,VIIRS,n,2.0NRT,303.72,7.11,D
8.93458,77.4248,331.74,0.4,0.6,2026-08-31,731,N21,VIIRS,n,2.0NRT,296.67,2.81,D
8.95756,77.42812,343.07,0.4,0.6,2026-08-31,731,N21,VIIRS,n,2.0NRT,299.6,7.03,D
8.95907,77.42636,336.72,0.4,0.6,2026-08-31,731,N21,VIIRS,n,2.0NRT,299.34,6.43,D
9.02162,80.11128,332.81,0.52,0.5,2026-08-31,731,N21,VIIRS,l,2.0NRT,306.54,8.25,D
9.04075,80.45049,340.34,0.49,0.49,2026-08-31,731,N21,VIIRS,n,2.0NRT,302.43,8.69,D
9.18292,80.30522,346.26,0.5,0.49,2026-08-31,731,N21,VIIRS,n,2.0NRT,307.74,7.77,D
9.18737,80.30444,340.18,0.5,0.49,2026-08-31,731,N21,VIIRS,n,2.0NRT,306.14,3.69,D
9.20535,78.30312,332.69,0.34,0.56,2026-08-31,731,N21,VIIRS,n,2.0NRT,302.34,1.84,D
9.22205,78.65817,333.87,0.32,0.55,2026-08-31,731,N21,VIIRS,l,2.0NRT,305.2,1.05,D
9.30883,80.43028,340.98,0.49,0.48,2026-08-31,731,N21,VIIRS,n,2.0NRT,301.88,5.16,D
9.41239,80.40015,342.7,0.49,0.48,2026-08-31,731,N21,VIIRS,n,2.0NRT,305.44,8.5,D
9.41315,80.40452,331.74,0.49,0.48,2026-08-31,731,N21,VIIRS,l,2.0NRT,304.03,4.13,D
9.41755,80.40376,334.45,0.49,0.48,2026-08-31,731,N21,VIIRS,l,2.0NRT,305.1,4.13,D
9.41918,77.50965,335.16,0.38,0.59,2026-08-31,731,N21,VIIRS,n,2.0NRT,299.91,2.45,D
9.4262,80.37522,332.58,0.49,0.49,2026-08-31,731,N21,VIIRS,l,2.0NRT,305.5,4.35,D
9.42924,80.39275,344.1,0.49,0.48,2026-08-31,731,N21,VIIRS,n,2.0NRT,305.97,10.52,D
9.4417,80.38611,333.88,0.49,0.48,2026-08-31,731,N21,VIIRS,l,2.0NRT,305.23,3.15,D
9.44836,80.39847,332.98,0.49,0.48,2026-08-31,731,N21,VIIRS,l,2.0NRT,305.51,3.02,D
9.45276,80.39771,342.11,0.49,0.48,2026-08-31,731,N21,VIIRS,n,2.0NRT,305.09,3.02,D
9.52986,78.55909,344.82,0.32,0.55,2026-08-31,731,N21,VIIRS,n,2.0NRT,295.68,10.57,D
9.6418,77.65417,330.61,0.37,0.58,2026-08-31,731,N21,VIIRS,n,2.0NRT,299.92,2.09,D
9.65597,77.64645,331.61,0.37,0.58,2026-08-31,731,N21,VIIRS,l,2.0NRT,303.13,4.33,D
9.65658,77.64974,339.31,0.37,0.58,2026-08-31,731,N21,VIIRS,n,2.0NRT,304.18,7.4,D
9.71414,78.92452,340.23,0.61,0.53,2026-08-31,731,N21,VIIRS,n,2.0NRT,296.96,2.93,D
9.7306,78.41191,337.64,0.33,0.55,2026-08-31,731,N21,VIIRS,n,2.0NRT,294.09,2.59,D
9.76943,78.36863,332.83,0.33,0.55,2026-08-31,731,N21,VIIRS,n,2.0NRT,289.29,3.13,D
9.8097,77.88875,340.38,0.36,0.57,2026-08-31,731,N21,VIIRS,n,2.0NRT,307.56,4.27,D
10.04896,78.97438,339.72,0.59,0.53,2026-08-31,731,N21,VIIRS,n,2.0NRT,301.32,8.45,D
11.39743,78.70004,354.25,0.59,0.53,2026-08-31,731,N21,VIIRS,n,2.0NRT,286.76,14.75,D
12.1731,79.82799,339.93,0.48,0.48,2026-08-31,731,N21,VIIRS,n,2.0NRT,294.09,8.65,D
12.58453,79.64104,332.82,0.49,0.48,2026-08-31,731,N21,VIIRS,n,2.0NRT,297.71,1.87,D
12.70339,79.7732,340.67,0.47,0.48,2026-08-31,731,N21,VIIRS,n,2.0NRT,298.26,6.14,D
12.81064,76.9621,329.86,0.36,0.58,2026-08-31,733,N21,VIIRS,n,2.0NRT,275.93,5.58,D
13.29946,79.8628,341.58,0.46,0.47,2026-08-31,733,N21,VIIRS,n,2.0NRT,299.8,2.73,D
13.31914,79.92836,337.11,0.45,0.47,2026-08-31,733,N21,VIIRS,n,2.0NRT,295.25,7.56,D
13.3195,79.92703,339.93,0.45,0.47,2026-08-31,733,N21,VIIRS,n,2.0NRT,295.66,5.81,D
13.38021,79.70301,333.34,0.47,0.47,2026-08-31,733,N21,VIIRS,n,2.0NRT,298.87,4.52,D
13.41108,80.26926,332.33,0.43,0.46,2026-08-31,733,N21,VIIRS,n,2.0NRT,296.76,1.98,D
13.46564,79.86813,341.58,0.45,0.47,2026-08-31,733,N21,VIIRS,n,2.0NRT,297.63,10.54,D
12.80597,77.4342,303.35,0.52,0.42,2026-08-31,2006,N21,VIIRS,n,2.0NRT,281.03,1.99,N
13.04406,77.66707,304.66,0.51,0.41,2026-08-31,2006,N21,VIIRS,n,2.0NRT,288.69,0.53,N
13.39139,80.10024,308.06,0.4,0.37,2026-08-31,2006,N21,VIIRS,n,2.0NRT,289.62,1.4,N
13.39185,80.07369,307.57,0.41,0.37,2026-08-31,2006,N21,VIIRS,n,2.0NRT,292.82,1.15,N
8.11107,79.86932,310.67,0.39,0.36,2026-08-31,2008,N21,VIIRS,n,2.0NRT,292.79,1.7,N
8.17575,80.37391,309.36,0.38,0.36,2026-08-31,2008,N21,VIIRS,n,2.0NRT,291.5,1.19,N
8.46689,80.25317,306.42,0.39,0.36,2026-08-31,2008,N21,VIIRS,n,2.0NRT,294.25,0.63,N
8.74081,78.09372,309.71,0.44,0.38,2026-08-31,2008,N21,VIIRS,n,2.0NRT,295.3,0.88,N
8.7414,78.08978,308.15,0.44,0.38,2026-08-31,2008,N21,VIIRS,n,2.0NRT,295.37,0.94,N
8.86698,78.1198,308.69,0.44,0.38,2026-08-31,2008,N21,VIIRS,n,2.0NRT,296.2,0.48,N
9.06696,77.89515,314.44,0.45,0.39,2026-08-31,2008,N21,VIIRS,n,2.0NRT,295.57,0.92,N
10.26561,78.37807,308.2,0.44,0.38,2026-08-31,2008,N21,VIIRS,n,2.0NRT,294.61,1.49,N
10.41422,77.11642,320.12,0.51,0.41,2026-08-31,2008,N21,VIIRS,n,2.0NRT,290.43,2.48,N
11.08219,78.75288,315.78,0.43,0.38,2026-08-31,2008,N21,VIIRS,n,2.0NRT,292.3,1.2,N
11.0839,78.75246,309.64,0.43,0.38,2026-08-31,2008,N21,VIIRS,n,2.0NRT,293.1,1.03,N
11.26925,80.00533,313.95,0.4,0.37,2026-08-31,2008,N21,VIIRS,n,2.0NRT,284.5,1.18,N
11.81635,77.91774,305.18,0.48,0.4,2026-08-31,2008,N21,VIIRS,n,2.0NRT,293.35,1.96,N
12.17032,78.99065,297.43,0.43,0.38,2026-08-31,2008,N21,VIIRS,n,2.0NRT,286.67,1.61,N
8.40674,80.25502,367.0,0.55,0.68,2026-09-01,714,N21,VIIRS,h,2.0NRT,294.07,20.93,D
8.41019,80.40926,330.06,0.54,0.68,2026-09-01,714,N21,VIIRS,n,2.0NRT,293.49,3.7,D
8.42441,80.4514,335.35,0.53,0.67,2026-09-01,714,N21,VIIRS,n,2.0NRT,293.71,4.99,D
8.46535,80.39966,333.49,0.54,0.68,2026-09-01,714,N21,VIIRS,n,2.0NRT,293.25,7.0,D
8.46566,80.3997,334.71,0.54,0.68,2026-09-01,714,N21,VIIRS,n,2.0NRT,293.24,9.48,D
8.46624,80.40448,336.17,0.54,0.68,2026-09-01,714,N21,VIIRS,n,2.0NRT,291.02,7.32,D
8.46658,80.4045,338.18,0.54,0.68,2026-09-01,714,N21,VIIRS,n,2.0NRT,291.45,7.16,D
8.60666,77.96648,345.72,0.79,0.78,2026-09-01,714,N21,VIIRS,n,2.0NRT,293.74,16.02,D
8.69465,78.05344,333.02,0.77,0.77,2026-09-01,714,N21,VIIRS,n,2.0NRT,296.0,5.99,D
9.02386,80.16743,343.87,0.55,0.68,2026-09-01,714,N21,VIIRS,n,2.0NRT,294.87,6.69,D
9.1143,80.27499,338.23,0.53,0.67,2026-09-01,714,N21,VIIRS,n,2.0NRT,297.66,6.34,D
9.25305,80.2723,337.98,0.53,0.67,2026-09-01,714,N21,VIIRS,n,2.0NRT,298.23,16.27,D
9.25485,80.28175,339.79,0.53,0.67,2026-09-01,714,N21,VIIRS,n,2.0NRT,298.03,11.2,D
9.39192,80.43458,339.99,0.51,0.66,2026-09-01,714,N21,VIIRS,n,2.0NRT,296.83,8.13,D
9.41682,80.40154,355.11,0.52,0.67,2026-09-01,714,N21,VIIRS,n,2.0NRT,298.05,17.61,D
9.41771,80.39689,332.31,0.52,0.67,2026-09-01,714,N21,VIIRS,n,2.0NRT,297.25,8.13,D
9.4186,80.40147,349.15,0.52,0.67,2026-09-01,714,N21,VIIRS,n,2.0NRT,297.98,8.13,D
9.42039,80.41064,335.58,0.52,0.66,2026-09-01,714,N21,VIIRS,n,2.0NRT,296.58,12.21,D
9.42457,80.40965,367.0,0.52,0.67,2026-09-01,714,N21,VIIRS,h,2.0NRT,297.45,21.12,D
9.42543,80.41423,348.55,0.52,0.67,2026-09-01,714,N21,VIIRS,n,2.0NRT,297.09,18.66,D
9.42642,80.40956,367.0,0.52,0.66,2026-09-01,714,N21,VIIRS,h,2.0NRT,297.61,12.21,D
9.42731,80.41415,336.19,0.52,0.66,2026-09-01,714,N21,VIIRS,n,2.0NRT,297.09,16.15,D
9.5339,80.38524,348.83,0.52,0.67,2026-09-01,714,N21,VIIRS,n,2.0NRT,298.05,11.05,D
9.5355,80.38216,352.5,0.52,0.66,2026-09-01,714,N21,VIIRS,n,2.0NRT,298.21,9.46,D
10.3891,79.27283,340.75,0.59,0.7,2026-09-01,714,N21,VIIRS,n,2.0NRT,293.63,6.32,D
10.77498,78.64761,339.35,0.64,0.72,2026-09-01,714,N21,VIIRS,n,2.0NRT,298.22,9.28,D
11.14715,78.03418,342.27,0.7,0.75,2026-09-01,714,N21,VIIRS,n,2.0NRT,292.94,8.84,D
11.15095,78.03052,334.43,0.7,0.75,2026-09-01,714,N21,VIIRS,n,2.0NRT,293.33,14.18,D
11.23065,78.08495,331.82,0.69,0.74,2026-09-01,714,N21,VIIRS,n,2.0NRT,295.11,5.38,D
11.84292,78.90423,338.89,0.59,0.7,2026-09-01,714,N21,VIIRS,n,2.0NRT,296.6,12.68,D
12.70483,79.3057,335.48,0.53,0.67,2026-09-01,714,N21,VIIRS,n,2.0NRT,295.2,4.05,D
12.82289,79.10335,333.2,0.55,0.68,2026-09-01,714,N21,VIIRS,n,2.0NRT,294.83,5.79,D
12.9195,79.45843,337.1,0.52,0.67,2026-09-01,714,N21,VIIRS,n,2.0NRT,290.6,4.66,D
8.95145,77.77085,345.86,0.53,0.67,2026-09-01,854,N21,VIIRS,n,2.0NRT,300.27,4.04,D
8.95153,77.77248,336.6,0.53,0.67,2026-09-01,854,N21,VIIRS,n,2.0NRT,300.01,4.11,D
9.11347,77.46972,367.0,0.51,0.66,2026-09-01,854,N21,VIIRS,h,2.0NRT,299.16,9.51,D
9.5979,77.7906,343.48,0.54,0.68,2026-09-01,854,N21,VIIRS,n,2.0NRT,299.17,18.25,D
9.59852,77.79555,335.09,0.54,0.68,2026-09-01,854,N21,VIIRS,n,2.0NRT,296.83,12.55,D
10.01406,78.08731,332.78,0.58,0.7,2026-09-01,854,N21,VIIRS,n,2.0NRT,297.7,3.52,D
10.8313,78.8009,336.72,0.66,0.73,2026-09-01,854,N21,VIIRS,n,2.0NRT,294.99,5.56,D
9.56769,77.5301,311.36,0.63,0.54,2026-09-01,1947,N21,VIIRS,n,2.0NRT,286.65,3.24,N
9.57194,77.53596,318.87,0.63,0.54,2026-09-01,1947,N21,VIIRS,n,2.0NRT,286.52,2.62,N
9.57271,77.53027,304.62,0.63,0.54,2026-09-01,1947,N21,VIIRS,n,2.0NRT,286.81,2.62,N
9.58051,77.54716,331.25,0.63,0.54,2026-09-01,1947,N21,VIIRS,n,2.0NRT,289.78,3.82,N
9.58125,77.54169,309.06,0.63,0.54,2026-09-01,1947,N21,VIIRS,n,2.0NRT,288.53,3.82,N
9.58175,77.54842,322.31,0.63,0.54,2026-09-01,1947,N21,VIIRS,n,2.0NRT,289.54,6.28,N
9.58245,77.54297,326.75,0.63,0.54,2026-09-01,1947,N21,VIIRS,n,2.0NRT,289.94,6.72,N
9.58542,77.54805,310.36,0.63,0.54,2026-09-01,1947,N21,VIIRS,n,2.0NRT,289.06,3.82,N
10.43844,77.555,304.16,0.32,0.55,2026-09-01,1947,N21,VIIRS,n,2.0NRT,290.23,0.47,N
10.99405,79.23645,332.49,0.5,0.49,2026-09-01,1947,N21,VIIRS,n,2.0NRT,290.43,7.05,N
11.26855,80.00151,320.92,0.45,0.47,2026-09-01,1947,N21,VIIRS,n,2.0NRT,291.48,7.53,N
11.42341,77.40266,324.28,0.34,0.56,2026-09-01,1947,N21,VIIRS,n,2.0NRT,290.37,1.92,N
11.42617,77.40337,319.32,0.34,0.56,2026-09-01,1947,N21,VIIRS,n,2.0NRT,290.58,2.14,N
11.43303,77.16435,309.49,0.35,0.57,2026-09-01,1947,N21,VIIRS,n,2.0NRT,290.7,1.15,N
11.59137,77.27103,348.16,0.35,0.57,2026-09-01,1947,N21,VIIRS,n,2.0NRT,283.6,3.82,N
11.59178,77.26778,306.06,0.35,0.57,2026-09-01,1947,N21,VIIRS,n,2.0NRT,281.89,3.82,N
12.29194,79.93996,319.76,0.47,0.48,2026-09-01,1947,N21,VIIRS,n,2.0NRT,289.14,5.06,N
12.29299,79.93951,323.45,0.47,0.48,2026-09-01,1947,N21,VIIRS,n,2.0NRT,289.13,5.71,N
12.74623,77.62025,303.7,0.34,0.56,2026-09-01,1947,N21,VIIRS,n,2.0NRT,286.49,0.65,N
12.7745,80.06129,307.55,0.47,0.48,2026-09-01,1947,N21,VIIRS,n,2.0NRT,288.41,2.27,N
8.44677,80.39247,311.66,0.39,0.44,2026-09-01,1949,N21,VIIRS,n,2.0NRT,288.1,1.85,N
8.45078,80.39306,304.02,0.39,0.44,2026-09-01,1949,N21,VIIRS,n,2.0NRT,285.45,1.2,N
8.00502,80.37047,334.48,0.37,0.58,2026-09-02,835,N21,VIIRS,n,2.0NRT,296.27,6.19,D
8.00544,80.37373,340.09,0.37,0.58,2026-09-02,835,N21,VIIRS,n,2.0NRT,296.69,6.19,D
8.00556,80.37322,347.66,0.36,0.58,2026-09-02,835,N21,VIIRS,n,2.0NRT,297.43,13.41,D
8.08506,80.08055,330.69,0.35,0.57,2026-09-02,835,N21,VIIRS,n,2.0NRT,295.45,3.16,D
8.19724,79.91821,334.97,0.34,0.56,2026-09-02,835,N21,VIIRS,n,2.0NRT,295.24,1.72,D
8.22195,79.94675,367.0,0.34,0.56,2026-09-02,835,N21,VIIRS,h,2.0NRT,296.46,14.84,D
8.31578,80.28963,335.94,0.36,0.58,2026-09-02,835,N21,VIIRS,n,2.0NRT,296.2,3.62,D
8.31593,80.2891,330.58,0.36,0.58,2026-09-02,835,N21,VIIRS,n,2.0NRT,296.07,3.95,D
8.32674,80.29144,330.4,0.36,0.58,2026-09-02,835,N21,VIIRS,n,2.0NRT,296.62,3.8,D
8.3931,80.18663,330.78,0.36,0.57,2026-09-02,835,N21,VIIRS,n,2.0NRT,297.0,2.7,D
8.40145,80.32819,330.0,0.37,0.58,2026-09-02,835,N21,VIIRS,n,2.0NRT,296.28,3.52,D
8.40271,80.21823,351.71,0.36,0.57,2026-09-02,835,N21,VIIRS,n,2.0NRT,297.27,9.82,D
8.40315,80.22147,335.06,0.36,0.57,2026-09-02,835,N21,VIIRS,n,2.0NRT,296.61,8.58,D
8.40331,80.21985,367.0,0.36,0.57,2026-09-02,835,N21,VIIRS,h,2.0NRT,298.11,10.26,D
8.41479,80.38741,351.62,0.37,0.58,2026-09-02,835,N21,VIIRS,n,2.0NRT,295.24,11.89,D
8.41731,80.32602,336.64,0.37,0.58,2026-09-02,835,N21,VIIRS,n,2.0NRT,291.87,6.67,D
8.49523,77.96259,352.28,0.51,0.49,2026-09-02,835,N21,VIIRS,n,2.0NRT,301.69,25.01,D
8.51248,80.39674,340.13,0.37,0.58,2026-09-02,835,N21,VIIRS,n,2.0NRT,296.46,8.26,D
8.51999,80.37193,367.0,0.37,0.58,2026-09-02,835,N21,VIIRS,h,2.0NRT,293.82,20.76,D
8.59435,80.45303,367.0,0.38,0.59,2026-09-02,835,N21,VIIRS,h,2.0NRT,299.0,68.81,D
8.6472,77.50002,340.26,0.47,0.48,2026-09-02,835,N21,VIIRS,n,2.0NRT,304.49,3.96,D
8.66132,80.46508,340.68,0.38,0.59,2026-09-02,835,N21,VIIRS,n,2.0NRT,295.76,5.67,D
8.66491,80.46529,367.0,0.38,0.59,2026-09-02,835,N21,VIIRS,h,2.0NRT,297.41,15.41,D
8.68837,80.35244,338.27,0.37,0.58,2026-09-02,835,N21,VIIRS,n,2.0NRT,295.21,4.09,D
8.69902,80.35105,332.53,0.37,0.58,2026-09-02,835,N21,VIIRS,n,2.0NRT,296.32,4.67,D
8.70691,80.45286,331.87,0.38,0.59,2026-09-02,835,N21,VIIRS,n,2.0NRT,294.74,1.52,D
8.75334,80.36287,337.55,0.37,0.58,2026-09-02,835,N21,VIIRS,n,2.0NRT,295.92,5.37,D
8.7549,80.36384,349.94,0.37,0.58,2026-09-02,835,N21,VIIRS,n,2.0NRT,296.63,7.17,D
8.88936,77.75757,344.57,0.5,0.49,2026-09-02,835,N21,VIIRS,n,2.0NRT,306.66,7.23,D
8.95637,80.38986,331.37,0.38,0.59,2026-09-02,835,N21,VIIRS,n,2.0NRT,293.22,2.82,D
8.98586,77.47747,338.9,0.48,0.48,2026-09-02,835,N21,VIIRS,n,2.0NRT,304.56,3.8,D
9.04555,77.72089,341.89,0.5,0.49,2026-09-02,835,N21,VIIRS,n,2.0NRT,305.84,5.52,D
9.04664,77.71947,339.28,0.5,0.49,2026-09-02,835,N21,VIIRS,n,2.0NRT,306.41,5.58,D
9.12569,77.41118,334.03,0.47,0.48,2026-09-02,835,N21,VIIRS,n,2.0NRT,303.06,2.64,D
9.22418,80.3151,339.65,0.38,0.58,2026-09-02,835,N21,VIIRS,n,2.0NRT,294.55,3.8,D
9.399,80.39297,367.0,0.38,0.59,2026-09-02,835,N21,VIIRS,h,2.0NRT,295.43,9.23,D
9.40128,80.39021,334.64,0.38,0.59,2026-09-02,835,N21,VIIRS,n,2.0NRT,295.51,6.43,D
9.40174,80.39365,355.52,0.38,0.59,2026-09-02,835,N21,VIIRS,n,2.0NRT,296.04,6.43,D
9.41664,80.35916,337.76,0.38,0.59,2026-09-02,835,N21,VIIRS,n,2.0NRT,296.21,3.24,D
9.41911,80.42213,342.87,0.39,0.59,2026-09-02,835,N21,VIIRS,n,2.0NRT,296.01,4.51,D
9.41925,80.37983,333.82,0.38,0.59,2026-09-02,835,N21,VIIRS,n,2.0NRT,295.94,3.58,D
9.42202,80.35846,343.0,0.38,0.59,2026-09-02,835,N21,VIIRS,n,2.0NRT,295.69,4.16,D
9.44849,77.66959,341.36,0.5,0.49,2026-09-02,835,N21,VIIRS,n,2.0NRT,308.53,21.3,D
9.46896,78.68177,340.97,0.58,0.52,2026-09-02,835,N21,VIIRS,n,2.0NRT,299.01,4.74,D
9.47225,80.49359,330.81,0.39,0.59,2026-09-02,835,N21,VIIRS,n,2.0NRT,294.56,3.9,D
9.47271,80.49713,339.12,0.39,0.59,2026-09-02,835,N21,VIIRS,n,2.0NRT,294.87,3.9,D
9.54636,80.36561,351.55,0.38,0.59,2026-09-02,835,N21,VIIRS,n,2.0NRT,290.74,7.37,D
9.55174,80.36488,331.95,0.38,0.59,2026-09-02,835,N21,VIIRS,n,2.0NRT,289.11,2.8,D
9.64176,80.31894,339.19,0.38,0.59,2026-09-02,835,N21,VIIRS,n,2.0NRT,289.21,4.8,D
9.72765,77.54507,344.84,0.49,0.49,2026-09-02,835,N21,VIIRS,n,2.0NRT,307.1,27.73,D
9.80838,77.4108,333.03,0.48,0.48,2026-09-02,835,N21,VIIRS,n,2.0NRT,302.39,2.7,D
9.9884,77.44849,342.86,0.49,0.49,2026-09-02,835,N21,VIIRS,n,2.0NRT,301.58,5.8,D
10.76591,78.63389,332.65,0.61,0.53,2026-09-02,837,N21,VIIRS,n,2.0NRT,299.67,4.46,D
10.86781,77.73611,336.59,0.53,0.5,2026-09-02,837,N21,VIIRS,n,2.0NRT,302.33,2.79,D
10.86859,77.7392,338.51,0.53,0.5,2026-09-02,837,N21,VIIRS,n,2.0NRT,301.4,6.27,D
11.17819,77.71023,331.93,0.53,0.5,2026-09-02,837,N21,VIIRS,n,2.0NRT,298.86,4.45,D
11.72303,78.5864,332.6,0.62,0.54,2026-09-02,837,N21,VIIRS,n,2.0NRT,293.09,5.77,D
12.0616,77.02872,343.15,0.49,0.49,2026-09-02,837,N21,VIIRS,n,2.0NRT,296.93,9.89,D
12.1201,79.1136,331.81,0.34,0.56,2026-09-02,837,N21,VIIRS,n,2.0NRT,296.61,3.43,D
12.42042,78.76832,336.12,0.33,0.55,2026-09-02,837,N21,VIIRS,n,2.0NRT,288.62,3.86,D
12.84747,79.90509,327.42,0.51,0.66,2026-09-02,1928,N21,VIIRS,n,2.0NRT,274.01,4.15,N
12.84799,79.90044,306.77,0.51,0.66,2026-09-02,1928,N21,VIIRS,n,2.0NRT,275.44,4.15,N
12.85352,79.90586,311.12,0.51,0.66,2026-09-02,1928,N21,VIIRS,n,2.0NRT,275.24,2.41,N
12.85405,79.90118,300.05,0.51,0.66,2026-09-02,1928,N21,VIIRS,n,2.0NRT,275.19,2.41,N
9.55277,77.52119,315.08,0.67,0.74,2026-09-02,1930,N21,VIIRS,n,2.0NRT,285.34,3.9,N
9.554,77.51099,305.24,0.67,0.74,2026-09-02,1930,N21,VIIRS,n,2.0NRT,284.49,2.91,N
10.43311,77.06167,300.53,0.56,0.69,2026-09-02,2110,N21,VIIRS,n,2.0NRT,284.04,0.65,N
11.5922,77.26511,306.72,0.55,0.68,2026-09-02,2110,N21,VIIRS,n,2.0NRT,261.9,0.87,N
8.04111,80.36721,335.65,0.53,0.42,2026-09-03,816,N21,VIIRS,n,2.0NRT,299.88,4.65,D
8.04166,80.36526,337.12,0.53,0.42,2026-09-03,816,N21,VIIRS,n,2.0NRT,300.52,6.25,D
8.10851,80.26566,335.08,0.52,0.42,2026-09-03,816,N21,VIIRS,n,2.0NRT,300.44,6.21,D
8.13681,80.30009,339.45,0.53,0.42,2026-09-03,816,N21,VIIRS,n,2.0NRT,298.84,4.52,D
8.14016,80.30169,338.92,0.53,0.42,2026-09-03,816,N21,VIIRS,n,2.0NRT,299.5,5.64,D
8.15791,80.28943,332.48,0.53,0.42,2026-09-03,816,N21,VIIRS,n,2.0NRT,299.72,1.95,D
8.24988,80.14448,330.46,0.52,0.41,2026-09-03,816,N21,VIIRS,n,2.0NRT,300.45,3.79,D
8.25367,80.14391,331.71,0.52,0.41,2026-09-03,816,N21,VIIRS,n,2.0NRT,299.71,3.79,D
8.26189,80.14746,337.03,0.52,0.41,2026-09-03,816,N21,VIIRS,n,2.0NRT,299.16,9.88,D
8.29792,80.23779,338.58,0.52,0.42,2026-09-03,816,N21,VIIRS,n,2.0NRT,300.57,8.52,D
8.30173,80.23722,335.24,0.52,0.42,2026-09-03,816,N21,VIIRS,n,2.0NRT,300.82,6.4,D
8.34293,80.22649,335.59,0.52,0.42,2026-09-03,816,N21,VIIRS,n,2.0NRT,300.74,8.01,D
8.47183,80.29427,333.81,0.53,0.42,2026-09-03,816,N21,VIIRS,n,2.0NRT,296.64,4.33,D
8.52691,80.46416,335.64,0.54,0.42,2026-09-03,816,N21,VIIRS,n,2.0NRT,300.5,16.67,D
8.5717,80.36332,336.6,0.54,0.42,2026-09-03,816,N21,VIIRS,n,2.0NRT,302.17,7.65,D
8.6019,80.48138,334.03,0.55,0.42,2026-09-03,816,N21,VIIRS,n,2.0NRT,300.12,11.17,D
8.60403,80.47799,339.18,0.55,0.42,2026-09-03,816,N21,VIIRS,n,2.0NRT,303.04,14.05,D
8.60675,77.96529,339.2,0.41,0.37,2026-09-03,816,N21,VIIRS,n,2.0NRT,303.99,4.94,D
8.6072,80.47253,342.52,0.55,0.42,2026-09-03,816,N21,VIIRS,n,2.0NRT,301.22,9.22,D
8.60831,80.47046,337.84,0.55,0.42,2026-09-03,816,N21,VIIRS,n,2.0NRT,299.79,5.32,D
8.61016,77.96478,338.69,0.41,0.37,2026-09-03,816,N21,VIIRS,n,2.0NRT,304.46,3.89,D
8.6202,77.77351,354.2,0.41,0.37,2026-09-03,816,N21,VIIRS,n,2.0NRT,313.01,23.1,D
8.62075,77.77719,348.05,0.41,0.37,2026-09-03,816,N21,VIIRS,n,2.0NRT,312.84,31.99,D
8.63179,80.41209,348.45,0.54,0.42,2026-09-03,816,N21,VIIRS,n,2.0NRT,301.29,15.23,D
8.74555,80.33832,334.07,0.54,0.42,2026-09-03,816,N21,VIIRS,n,2.0NRT,298.9,5.26,D
8.81242,78.05347,342.91,0.42,0.38,2026-09-03,816,N21,VIIRS,n,2.0NRT,305.82,8.02,D
8.83873,77.68748,339.97,0.41,0.37,2026-09-03,816,N21,VIIRS,n,2.0NRT,309.13,7.33,D
8.86602,78.08418,348.47,0.42,0.38,2026-09-03,816,N21,VIIRS,n,2.0NRT,306.22,13.83,D
8.90981,80.42682,337.02,0.55,0.42,2026-09-03,816,N21,VIIRS,n,2.0NRT,301.9,6.22,D
8.91155,80.35648,343.79,0.54,0.42,2026-09-03,816,N21,VIIRS,n,2.0NRT,301.61,8.92,D
8.91308,80.35413,342.71,0.54,0.42,2026-09-03,816,N21,VIIRS,n,2.0NRT,301.13,7.77,D
8.94545,77.81496,344.36,0.41,0.37,2026-09-03,816,N21,VIIRS,n,2.0NRT,308.85,17.83,D
8.9933,78.1157,337.51,0.42,0.38,2026-09-03,816,N21,VIIRS,n,2.0NRT,304.75,5.51,D
8.99674,78.11518,340.06,0.42,0.38,2026-09-03,816,N21,VIIRS,n,2.0NRT,305.42,5.51,D
9.09089,79.79725,345.69,0.51,0.41,2026-09-03,816,N21,VIIRS,n,2.0NRT,301.97,47.93,D
9.1417,80.27109,339.59,0.54,0.42,2026-09-03,816,N21,VIIRS,n,2.0NRT,299.36,5.97,D
9.21627,78.64738,335.65,0.45,0.39,2026-09-03,816,N21,VIIRS,n,2.0NRT,302.15,11.12,D
9.25096,77.98447,343.73,0.42,0.38,2026-09-03,816,N21,VIIRS,n,2.0NRT,303.2,48.71,D
9.38139,78.7643,336.4,0.45,0.39,2026-09-03,816,N21,VIIRS,n,2.0NRT,299.81,4.09,D
9.40306,80.45114,344.19,0.56,0.43,2026-09-03,816,N21,VIIRS,n,2.0NRT,300.73,17.65,D
9.40516,80.46627,340.88,0.56,0.43,2026-09-03,816,N21,VIIRS,n,2.0NRT,300.69,11.33,D
9.40838,80.46066,339.16,0.56,0.43,2026-09-03,816,N21,VIIRS,n,2.0NRT,301.47,8.48,D
9.40985,78.81035,339.93,0.46,0.39,2026-09-03,816,N21,VIIRS,n,2.0NRT,299.81,5.62,D
9.42013,80.45897,336.83,0.56,0.43,2026-09-03,816,N21,VIIRS,n,2.0NRT,300.42,8.46,D
9.46056,80.46106,333.75,0.56,0.43,2026-09-03,816,N21,VIIRS,n,2.0NRT,301.14,5.32,D
9.73456,77.55122,337.71,0.41,0.37,2026-09-03,816,N21,VIIRS,n,2.0NRT,305.79,6.46,D
9.85865,78.18647,337.09,0.43,0.38,2026-09-03,816,N21,VIIRS,n,2.0NRT,302.06,9.4,D
9.96128,78.07182,336.64,0.43,0.38,2026-09-03,816,N21,VIIRS,n,2.0NRT,304.12,4.62,D
9.96184,78.0757,340.11,0.43,0.38,2026-09-03,816,N21,VIIRS,n,2.0NRT,306.26,4.62,D
9.97086,78.1619,338.94,0.43,0.38,2026-09-03,816,N21,VIIRS,n,2.0NRT,305.27,10.42,D
9.99129,78.08318,338.8,0.43,0.38,2026-09-03,816,N21,VIIRS,n,2.0NRT,304.35,6.7,D
10.11128,77.65968,349.06,0.42,0.37,2026-09-03,816,N21,VIIRS,n,2.0NRT,306.96,6.72,D
10.11183,77.66344,343.37,0.42,0.37,2026-09-03,816,N21,VIIRS,n,2.0NRT,308.57,6.72,D
10.11921,77.66613,342.56,0.42,0.37,2026-09-03,816,N21,VIIRS,n,2.0NRT,308.33,8.07,D
10.23588,79.19627,338.92,0.49,0.4,2026-09-03,816,N21,VIIRS,n,2.0NRT,303.12,9.69,D
10.67869,78.942,335.66,0.48,0.4,2026-09-03,816,N21,VIIRS,n,2.0NRT,296.53,7.36,D
10.74984,78.97149,332.9,0.48,0.4,2026-09-03,816,N21,VIIRS,n,2.0NRT,295.07,3.0,D
10.78625,77.79347,343.36,0.43,0.38,2026-09-03,816,N21,VIIRS,n,2.0NRT,305.5,9.5,D
10.82759,77.76785,337.1,0.42,0.38,2026-09-03,816,N21,VIIRS,n,2.0NRT,300.51,2.88,D
10.84841,78.50124,347.91,0.46,0.39,2026-09-03,816,N21,VIIRS,n,2.0NRT,299.73,10.66,D
11.00386,79.25903,335.16,0.5,0.41,2026-09-03,816,N21,VIIRS,n,2.0NRT,300.72,2.95,D
11.18612,79.70135,330.95,0.53,0.42,2026-09-03,816,N21,VIIRS,n,2.0NRT,299.27,5.73,D
11.39026,78.14157,341.79,0.44,0.39,2026-09-03,816,N21,VIIRS,n,2.0NRT,296.62,3.98,D
11.45467,77.59742,332.46,0.42,0.38,2026-09-03,816,N21,VIIRS,n,2.0NRT,294.74,2.43,D
11.50959,79.52499,333.9,0.52,0.42,2026-09-03,816,N21,VIIRS,n,2.0NRT,290.66,5.71,D
13.24685,76.39126,339.05,0.4,0.37,2026-09-03,818,N21,VIIRS,n,2.0NRT,287.26,5.27,D
9.5471,77.52013,308.51,0.59,0.53,2026-09-03,2051,N21,VIIRS,n,2.0NRT,288.67,2.79,N
9.73405,77.55091,312.29,0.59,0.53,2026-09-03,2051,N21,VIIRS,n,2.0NRT,291.43,2.6,N
11.10315,77.76294,306.76,0.58,0.52,2026-09-03,2051,N21,VIIRS,n,2.0NRT,289.5,0.94,N
11.18059,79.10029,313.59,0.35,0.57,2026-09-03,2051,N21,VIIRS,n,2.0NRT,290.21,1.28,N
8.02827,80.35555,342.88,0.39,0.36,2026-09-04,756,N21,VIIRS,n,2.0NRT,303.56,5.42,D
8.23799,80.32517,332.47,0.39,0.36,2026-09-04,756,N21,VIIRS,n,2.0NRT,298.48,0.89,D
8.39051,80.33973,349.25,0.39,0.36,2026-09-04,756,N21,VIIRS,n,2.0NRT,305.27,6.3,D
8.56557,80.39687,333.19,0.39,0.36,2026-09-04,756,N21,VIIRS,n,2.0NRT,302.98,3.96,D
8.62998,80.41513,343.79,0.38,0.36,2026-09-04,756,N21,VIIRS,n,2.0NRT,306.34,7.79,D
8.66461,80.39914,342.22,0.38,0.36,2026-09-04,756,N21,VIIRS,n,2.0NRT,305.78,5.09,D
8.66645,80.25687,338.37,0.39,0.36,2026-09-04,756,N21,VIIRS,n,2.0NRT,304.43,6.17,D
8.66974,80.25637,346.19,0.39,0.36,2026-09-04,756,N21,VIIRS,n,2.0NRT,303.78,6.17,D
8.8539,80.49944,336.49,0.38,0.36,2026-09-04,756,N21,VIIRS,n,2.0NRT,299.6,4.22,D
8.67037,77.99406,336.26,0.44,0.39,2026-09-04,758,N21,VIIRS,l,2.0NRT,305.55,6.68,D
8.92298,80.40017,340.83,0.38,0.36,2026-09-04,758,N21,VIIRS,n,2.0NRT,301.79,3.13,D
9.03487,80.21505,332.04,0.39,0.36,2026-09-04,758,N21,VIIRS,n,2.0NRT,297.56,2.6,D
9.10257,80.2827,333.98,0.38,0.36,2026-09-04,758,N21,VIIRS,n,2.0NRT,302.89,2.8,D
9.14291,78.26405,337.37,0.43,0.38,2026-09-04,758,N21,VIIRS,l,2.0NRT,304.86,4.73,D
9.14391,78.26399,338.19,0.43,0.38,2026-09-04,758,N21,VIIRS,l,2.0NRT,305.32,4.67,D
9.35835,78.81918,335.56,0.41,0.37,2026-09-04,758,N21,VIIRS,l,2.0NRT,301.0,3.34,D
9.39725,80.44811,344.19,0.38,0.36,2026-09-04,758,N21,VIIRS,n,2.0NRT,301.66,6.58,D
9.39895,80.43722,335.38,0.38,0.36,2026-09-04,758,N21,VIIRS,n,2.0NRT,304.15,5.29,D
9.40358,80.29104,344.85,0.38,0.36,2026-09-04,758,N21,VIIRS,n,2.0NRT,303.02,7.0,D
9.40687,80.29053,344.61,0.38,0.36,2026-09-04,758,N21,VIIRS,n,2.0NRT,302.53,13.9,D
9.42775,80.38309,338.73,0.38,0.36,2026-09-04,758,N21,VIIRS,n,2.0NRT,303.62,4.79,D
9.44964,80.48254,345.3,0.38,0.36,2026-09-04,758,N21,VIIRS,n,2.0NRT,301.94,8.56,D
9.72387,78.35549,334.19,0.42,0.38,2026-09-04,758,N21,VIIRS,l,2.0NRT,305.43,5.33,D
9.82854,77.56429,338.99,0.45,0.39,2026-09-04,758,N21,VIIRS,n,2.0NRT,303.65,5.62,D
9.82879,78.55407,334.45,0.41,0.37,2026-09-04,758,N21,VIIRS,l,2.0NRT,302.71,2.01,D
10.23521,79.19682,336.6,0.39,0.37,2026-09-04,758,N21,VIIRS,l,2.0NRT,302.56,5.05,D
10.87023,79.84801,337.26,0.39,0.36,2026-09-04,758,N21,VIIRS,n,2.0NRT,301.77,3.23,D
9.71209,80.08627,306.74,0.42,0.45,2026-09-04,2032,N21,VIIRS,n,2.0NRT,291.97,2.35,N
9.80522,77.56261,315.54,0.45,0.39,2026-09-04,2032,N21,VIIRS,n,2.0NRT,292.58,2.07,N
9.97884,76.37681,302.32,0.41,0.37,2026-09-04,2032,N21,VIIRS,n,2.0NRT,286.96,1.63,N
10.61504,77.50061,309.05,0.44,0.39,2026-09-04,2032,N21,VIIRS,n,2.0NRT,292.05,1.42,N
10.92628,78.4984,314.41,0.49,0.4,2026-09-04,2032,N21,VIIRS,n,2.0NRT,291.57,4.48,N
11.2685,80.00368,331.73,0.39,0.44,2026-09-04,2032,N21,VIIRS,n,2.0NRT,291.25,4.56,N
11.51788,77.70787,308.15,0.44,0.39,2026-09-04,2032,N21,VIIRS,n,2.0NRT,283.35,1.62,N
11.5186,77.70729,303.15,0.44,0.38,2026-09-04,2032,N21,VIIRS,n,2.0NRT,284.04,1.48,N
11.80936,77.92444,308.01,0.45,0.39,2026-09-04,2032,N21,VIIRS,n,2.0NRT,293.29,3.41,N
11.80959,77.92345,311.3,0.45,0.39,2026-09-04,2032,N21,VIIRS,n,2.0NRT,293.37,3.31,N
11.81003,77.92034,318.11,0.45,0.39,2026-09-04,2032,N21,VIIRS,n,2.0NRT,292.86,3.41,N
11.81028,77.91938,314.3,0.45,0.39,2026-09-04,2032,N21,VIIRS,n,2.0NRT,292.58,3.31,N
12.01868,76.65131,303.06,0.4,0.37,2026-09-04,2032,N21,VIIRS,n,2.0NRT,288.79,0.73,N
12.02063,76.65154,304.14,0.4,0.37,2026-09-04,2032,N21,VIIRS,n,2.0NRT,288.89,0.8,N
12.71426,76.89852,307.39,0.4,0.37,2026-09-04,2032,N21,VIIRS,n,2.0NRT,290.9,0.68,N
8.04815,80.00616,335.02,0.43,0.46,2026-09-05,737,N21,VIIRS,n,2.0NRT,296.88,7.4,D
8.2525,80.25742,331.97,0.41,0.45,2026-09-05,737,N21,VIIRS,l,2.0NRT,302.73,3.74,D
8.25539,80.32426,333.93,0.41,0.45,2026-09-05,737,N21,VIIRS,n,2.0NRT,298.68,3.19,D
8.25945,80.32359,345.26,0.41,0.45,2026-09-05,737,N21,VIIRS,n,2.0NRT,300.31,6.93,D
8.40236,80.42842,335.3,0.4,0.44,2026-09-05,737,N21,VIIRS,n,2.0NRT,296.38,4.55,D
8.40295,80.43198,339.07,0.4,0.44,2026-09-05,737,N21,VIIRS,n,2.0NRT,296.54,4.55,D
8.42342,80.3809,336.8,0.4,0.44,2026-09-05,737,N21,VIIRS,n,2.0NRT,296.24,4.34,D
8.42401,80.38447,336.58,0.4,0.44,2026-09-05,737,N21,VIIRS,n,2.0NRT,296.12,4.34,D
8.44334,80.19783,340.25,0.41,0.45,2026-09-05,737,N21,VIIRS,n,2.0NRT,297.98,7.97,D
8.5738,80.39909,331.1,0.4,0.44,2026-09-05,737,N21,VIIRS,n,2.0NRT,300.58,2.98,D
8.62455,77.91331,335.09,0.58,0.52,2026-09-05,737,N21,VIIRS,n,2.0NRT,296.57,6.53,D
8.62842,77.79488,343.54,0.59,0.53,2026-09-05,737,N21,VIIRS,n,2.0NRT,300.2,9.66,D
8.63003,80.38985,346.0,0.4,0.44,2026-09-05,737,N21,VIIRS,n,2.0NRT,300.73,9.6,D
8.74177,77.40366,340.22,0.62,0.54,2026-09-05,737,N21,VIIRS,n,2.0NRT,301.53,10.53,D
8.74992,77.84068,335.67,0.58,0.52,2026-09-05,737,N21,VIIRS,n,2.0NRT,298.97,15.53,D
8.77072,80.10439,333.71,0.41,0.45,2026-09-05,737,N21,VIIRS,n,2.0NRT,299.01,3.88,D
8.84348,78.11538,332.2,0.55,0.51,2026-09-05,737,N21,VIIRS,n,2.0NRT,298.73,3.27,D
8.84688,77.52462,344.05,0.61,0.53,2026-09-05,737,N21,VIIRS,n,2.0NRT,303.55,11.27,D
8.87289,77.61432,343.61,0.6,0.53,2026-09-05,737,N21,VIIRS,n,2.0NRT,301.85,7.78,D
9.0763,80.40665,345.22,0.39,0.44,2026-09-05,737,N21,VIIRS,n,2.0NRT,300.6,10.5,D
9.3084,78.79866,339.66,0.49,0.49,2026-09-05,737,N21,VIIRS,n,2.0NRT,297.82,3.98,D
9.33327,77.42467,339.48,0.61,0.53,2026-09-05,737,N21,VIIRS,n,2.0NRT,296.24,4.67,D
9.37131,80.31544,343.55,0.39,0.44,2026-09-05,737,N21,VIIRS,n,2.0NRT,299.78,9.02,D
9.39154,78.88762,338.73,0.48,0.48,2026-09-05,737,N21,VIIRS,n,2.0NRT,299.34,4.61,D
9.39205,78.88804,340.54,0.48,0.48,2026-09-05,737,N21,VIIRS,n,2.0NRT,298.99,4.69,D
9.39592,78.88686,336.72,0.48,0.48,2026-09-05,737,N21,VIIRS,n,2.0NRT,298.79,4.61,D
9.39643,78.8873,333.15,0.48,0.48,2026-09-05,737,N21,VIIRS,n,2.0NRT,298.66,4.69,D
9.39784,80.42539,342.0,0.38,0.43,2026-09-05,737,N21,VIIRS,n,2.0NRT,299.87,4.57,D
9.41481,80.42964,349.38,0.38,0.43,2026-09-05,737,N21,VIIRS,n,2.0NRT,301.0,19.06,D
9.41498,80.45523,333.44,0.57,0.43,2026-09-05,737,N21,VIIRS,n,2.0NRT,300.47,12.91,D
9.41584,80.46038,345.39,0.57,0.43,2026-09-05,737,N21,VIIRS,n,2.0NRT,300.28,12.91,D
9.42989,80.40474,334.33,0.38,0.44,2026-09-05,737,N21,VIIRS,n,2.0NRT,299.84,2.23,D
9.43119,80.4056,335.33,0.38,0.44,2026-09-05,737,N21,VIIRS,n,2.0NRT,299.79,2.81,D
9.43621,80.41788,339.65,0.38,0.43,2026-09-05,737,N21,VIIRS,n,2.0NRT,299.4,4.28,D
9.44193,80.42754,331.66,0.38,0.43,2026-09-05,737,N21,VIIRS,n,2.0NRT,298.91,2.16,D
10.09445,77.89512,342.08,0.55,0.51,2026-09-05,737,N21,VIIRS,n,2.0NRT,301.1,13.48,D
10.09586,77.89691,340.86,0.55,0.51,2026-09-05,737,N21,VIIRS,n,2.0NRT,299.51,9.09,D
10.27044,77.25731,330.63,0.6,0.53,2026-09-05,737,N21,VIIRS,n,2.0NRT,297.08,7.7,D
10.40149,79.27921,331.57,0.44,0.46,2026-09-05,737,N21,VIIRS,n,2.0NRT,297.24,7.13,D
10.43229,79.63264,342.49,0.41,0.45,2026-09-05,737,N21,VIIRS,n,2.0NRT,298.67,4.35,D
10.43859,77.31449,339.76,0.59,0.53,2026-09-05,737,N21,VIIRS,n,2.0NRT,301.16,12.02,D
10.68266,77.4065,338.57,0.58,0.52,2026-09-05,737,N21,VIIRS,n,2.0NRT,303.34,11.41,D
10.71123,79.4289,341.69,0.42,0.45,2026-09-05,737,N21,VIIRS,n,2.0NRT,300.29,6.18,D
10.87756,79.31715,332.91,0.43,0.46,2026-09-05,737,N21,VIIRS,n,2.0NRT,298.71,4.55,D
10.98393,78.21921,337.97,0.5,0.49,2026-09-05,737,N21,VIIRS,n,2.0NRT,300.17,7.0,D
11.00214,77.12466,339.89,0.6,0.53,2026-09-05,737,N21,VIIRS,n,2.0NRT,303.19,13.48,D
11.48418,77.27011,333.99,0.57,0.52,2026-09-05,739,N21,VIIRS,n,2.0NRT,300.69,3.57,D
12.15397,78.16905,336.62,0.48,0.48,2026-09-05,739,N21,VIIRS,n,2.0NRT,302.19,4.39,D
12.8087,79.956,331.25,0.55,0.43,2026-09-05,739,N21,VIIRS,n,2.0NRT,300.28,3.42,D
13.40306,77.79495,331.54,0.49,0.48,2026-09-05,739,N21,VIIRS,l,2.0NRT,303.21,4.98,D
13.37448,78.87302,304.49,0.4,0.37,2026-09-05,2012,N21,VIIRS,n,2.0NRT,292.03,0.63,N
8.67761,77.63989,315.85,0.4,0.37,2026-09-05,2014,N21,VIIRS,n,2.0NRT,287.39,2.61,N
8.70224,78.05685,307.38,0.39,0.36,2026-09-05,2014,N21,VIIRS,n,2.0NRT,285.29,1.29,N
11.94986,76.94534,307.4,0.45,0.39,2026-09-05,2014,N21,VIIRS,n,2.0NRT,289.7,1.03,N
12.62565,79.78779,314.52,0.38,0.36,2026-09-05,2014,N21,VIIRS,n,2.0NRT,290.27,2.0,N
12.80543,77.43291,306.42,0.44,0.38,2026-09-05,2014,N21,VIIRS,n,2.0NRT,290.17,0.66,N
12.95159,79.9017,308.28,0.38,0.36,2026-09-05,2014,N21,VIIRS,n,2.0NRT,292.92,0.77,N
13.01668,77.74179,303.01,0.43,0.38,2026-09-05,2014,N21,VIIRS,n,2.0NRT,290.02,0.5,N
8.02004,80.31163,330.28,0.43,0.62,2026-09-06,720,N21,VIIRS,n,2.0NRT,289.97,5.14,D
8.0389,80.3515,349.41,0.43,0.62,2026-09-06,720,N21,VIIRS,n,2.0NRT,290.15,9.39,D
8.06931,80.23161,335.04,0.44,0.62,2026-09-06,720,N21,VIIRS,n,2.0NRT,288.07,5.34,D
8.07245,80.22962,335.56,0.44,0.62,2026-09-06,720,N21,VIIRS,n,2.0NRT,288.64,4.66,D
8.25499,80.25665,343.4,0.43,0.62,2026-09-06,720,N21,VIIRS,n,2.0NRT,293.89,10.8,D
8.2606,80.25567,349.96,0.43,0.62,2026-09-06,720,N21,VIIRS,n,2.0NRT,292.22,10.8,D
8.31421,80.17928,330.06,0.43,0.62,2026-09-06,720,N21,VIIRS,n,2.0NRT,291.8,5.0,D
8.31937,80.3007,338.03,0.43,0.62,2026-09-06,720,N21,VIIRS,n,2.0NRT,291.51,7.38,D
8.32054,80.30001,342.88,0.43,0.62,2026-09-06,720,N21,VIIRS,n,2.0NRT,291.87,6.07,D
8.40109,80.43324,337.34,0.42,0.61,2026-09-06,720,N21,VIIRS,n,2.0NRT,292.84,7.74,D
8.44197,80.31695,367.0,0.42,0.61,2026-09-06,720,N21,VIIRS,h,2.0NRT,293.21,14.84,D
8.50305,80.21844,334.87,0.43,0.62,2026-09-06,720,N21,VIIRS,n,2.0NRT,292.0,13.15,D
8.50377,80.22226,367.0,0.43,0.62,2026-09-06,720,N21,VIIRS,h,2.0NRT,292.79,13.15,D
8.50486,80.21972,367.0,0.43,0.62,2026-09-06,720,N21,VIIRS,h,2.0NRT,292.63,12.4,D
8.50555,80.22356,367.0,0.43,0.62,2026-09-06,720,N21,VIIRS,h,2.0NRT,292.89,12.4,D
8.51852,80.23936,336.6,0.43,0.62,2026-09-06,720,N21,VIIRS,n,2.0NRT,291.83,4.18,D
8.6569,80.49527,345.0,0.41,0.6,2026-09-06,720,N21,VIIRS,n,2.0NRT,290.39,8.82,D
8.74539,80.20245,333.89,0.43,0.62,2026-09-06,720,N21,VIIRS,n,2.0NRT,290.37,6.95,D
8.7461,80.20624,339.04,0.43,0.62,2026-09-06,720,N21,VIIRS,n,2.0NRT,291.76,9.98,D
8.81484,80.48472,330.84,0.41,0.6,2026-09-06,720,N21,VIIRS,n,2.0NRT,292.52,5.35,D
8.91877,80.43142,346.19,0.41,0.6,2026-09-06,720,N21,VIIRS,n,2.0NRT,291.36,7.5,D
9.06089,77.65742,330.2,0.63,0.72,2026-09-06,720,N21,VIIRS,n,2.0NRT,289.16,6.47,D
9.35343,80.28749,331.28,0.41,0.61,2026-09-06,720,N21,VIIRS,n,2.0NRT,288.26,2.47,D
9.3743,80.46233,339.61,0.4,0.6,2026-09-06,720,N21,VIIRS,n,2.0NRT,290.52,4.13,D
9.398,80.37682,338.47,0.4,0.6,2026-09-06,720,N21,VIIRS,n,2.0NRT,289.34,2.85,D
9.39895,80.3748,336.16,0.4,0.6,2026-09-06,720,N21,VIIRS,n,2.0NRT,289.92,3.96,D
9.40206,80.4609,346.37,0.4,0.6,2026-09-06,720,N21,VIIRS,n,2.0NRT,292.14,8.5,D
9.4027,80.46444,341.1,0.4,0.6,2026-09-06,720,N21,VIIRS,n,2.0NRT,291.79,8.93,D
9.40877,80.467,367.0,0.4,0.6,2026-09-06,720,N21,VIIRS,h,2.0NRT,292.53,10.66,D
9.42008,80.36726,330.35,0.4,0.6,2026-09-06,720,N21,VIIRS,n,2.0NRT,290.76,2.24,D
9.46915,80.47984,349.73,0.4,0.6,2026-09-06,720,N21,VIIRS,n,2.0NRT,289.89,19.34,D
9.4698,80.48336,355.61,0.4,0.6,2026-09-06,720,N21,VIIRS,l,2.0NRT,287.85,19.34,D
9.47606,80.45673,340.28,0.4,0.6,2026-09-06,720,N21,VIIRS,n,2.0NRT,289.8,4.51,D
9.76366,80.16456,338.37,0.41,0.61,2026-09-06,720,N21,VIIRS,n,2.0NRT,289.64,6.59,D
9.76915,80.16356,355.69,0.41,0.61,2026-09-06,720,N21,VIIRS,l,2.0NRT,289.47,6.59,D
9.77767,78.38486,346.77,0.54,0.68,2026-09-06,720,N21,VIIRS,n,2.0NRT,285.86,11.04,D
10.3562,79.15823,339.14,0.47,0.64,2026-09-06,720,N21,VIIRS,n,2.0NRT,286.24,5.56,D
10.35633,79.15871,337.42,0.47,0.64,2026-09-06,720,N21,VIIRS,n,2.0NRT,286.42,6.29,D
10.89275,77.62709,335.17,0.58,0.7,2026-09-06,720,N21,VIIRS,n,2.0NRT,290.69,7.34,D
10.93033,78.4953,331.85,0.51,0.66,2026-09-06,720,N21,VIIRS,n,2.0NRT,289.5,3.63,D
10.94046,78.16074,342.28,0.54,0.68,2026-09-06,720,N21,VIIRS,n,2.0NRT,285.74,3.88,D
11.62928,76.9966,333.19,0.63,0.72,2026-09-06,720,N21,VIIRS,n,2.0NRT,288.3,10.29,D
9.01685,77.36189,330.32,0.64,0.72,2026-09-06,900,N21,VIIRS,n,2.0NRT,290.0,2.82,D
10.61561,77.42004,305.64,0.51,0.5,2026-09-06,1953,N21,VIIRS,n,2.0NRT,289.97,1.34,N
10.90553,77.41677,303.06,0.52,0.5,2026-09-06,1953,N21,VIIRS,n,2.0NRT,288.18,0.89,N
10.90637,77.41584,305.31,0.52,0.5,2026-09-06,1953,N21,VIIRS,n,2.0NRT,288.22,1.64,N
11.92694,78.42115,310.15,0.46,0.47,2026-09-06,1953,N21,VIIRS,n,2.0NRT,279.06,1.68,N
10.39689,77.61567,334.0,0.49,0.49,2026-09-06,1955,N21,VIIRS,n,2.0NRT,287.66,6.43,N
8.03589,80.41181,333.76,0.48,0.64,2026-09-07,839,N21,VIIRS,n,2.0NRT,292.3,5.08,D
8.05743,80.43962,333.55,0.48,0.64,2026-09-07,839,N21,VIIRS,n,2.0NRT,291.52,4.65,D
8.38848,80.20661,342.01,0.47,0.64,2026-09-07,839,N21,VIIRS,n,2.0NRT,291.84,8.29,D
8.38858,80.20611,342.0,0.46,0.64,2026-09-07,839,N21,VIIRS,n,2.0NRT,291.8,8.68,D
8.5905,80.34922,334.9,0.48,0.65,2026-09-07,839,N21,VIIRS,n,2.0NRT,290.16,4.44,D
8.86686,78.08612,333.88,0.34,0.56,2026-09-07,839,N21,VIIRS,n,2.0NRT,284.26,2.78,D
8.90995,77.51759,330.26,0.62,0.54,2026-09-07,839,N21,VIIRS,n,2.0NRT,288.76,4.66,D
8.91237,77.5182,332.13,0.61,0.54,2026-09-07,839,N21,VIIRS,n,2.0NRT,289.1,3.2,D
9.01174,77.45811,338.72,0.61,0.53,2026-09-07,839,N21,VIIRS,n,2.0NRT,288.23,4.68,D
9.08718,77.47947,331.36,0.61,0.54,2026-09-07,841,N21,VIIRS,n,2.0NRT,295.48,3.5,D
9.20163,78.26099,330.33,0.35,0.57,2026-09-07,841,N21,VIIRS,n,2.0NRT,286.01,1.0,D
9.27757,77.48306,332.05,0.62,0.54,2026-09-07,841,N21,VIIRS,n,2.0NRT,292.42,3.24,D
10.52722,76.9183,336.19,0.59,0.53,2026-09-07,841,N21,VIIRS,n,2.0NRT,296.67,7.44,D
11.4255,79.19963,351.07,0.44,0.62,2026-09-07,841,N21,VIIRS,n,2.0NRT,295.32,7.34,D
12.19458,76.79126,340.22,0.61,0.53,2026-09-07,841,N21,VIIRS,n,2.0NRT,296.11,14.03,D
12.62642,79.35217,343.14,0.46,0.64,2026-09-07,841,N21,VIIRS,n,2.0NRT,293.93,11.39,D
12.62691,79.35641,343.88,0.46,0.64,2026-09-07,841,N21,VIIRS,n,2.0NRT,294.09,12.36,D
13.30328,77.49928,330.44,0.35,0.57,2026-09-07,841,N21,VIIRS,n,2.0NRT,297.74,3.78,D
13.39125,78.55362,342.85,0.42,0.61,2026-09-07,841,N21,VIIRS,n,2.0NRT,298.16,4.87,D
8.26735,80.30713,305.05,0.32,0.54,2026-09-07,1936,N21,VIIRS,n,2.0NRT,290.32,0.49,N
8.2917,80.2041,309.21,0.32,0.55,2026-09-07,1936,N21,VIIRS,n,2.0NRT,290.12,0.78,N
8.43688,77.6253,297.94,0.49,0.65,2026-09-07,1936,N21,VIIRS,n,2.0NRT,273.86,0.53,N
10.82716,78.82903,320.19,0.44,0.62,2026-09-07,1936,N21,VIIRS,n,2.0NRT,291.49,2.81,N
11.8151,77.91316,305.93,0.52,0.67,2026-09-07,1936,N21,VIIRS,n,2.0NRT,291.15,2.0,N
11.81557,77.91275,305.57,0.52,0.67,2026-09-07,1936,N21,VIIRS,n,2.0NRT,290.74,1.99,N
12.02786,79.03661,307.05,0.44,0.62,2026-09-07,1936,N21,VIIRS,n,2.0NRT,291.73,0.85,N
12.74653,77.61774,300.76,0.56,0.69,2026-09-07,1936,N21,VIIRS,n,2.0NRT,288.0,1.69,N
8.00587,80.17339,338.66,0.43,0.46,2026-09-08,822,N21,VIIRS,n,2.0NRT,298.5,4.18,D
8.08208,80.44212,332.7,0.45,0.47,2026-09-08,822,N21,VIIRS,n,2.0NRT,295.78,4.07,D
8.13002,80.04712,336.9,0.42,0.45,2026-09-08,822,N21,VIIRS,n,2.0NRT,299.27,5.72,D
8.13209,80.04674,332.82,0.42,0.46,2026-09-08,822,N21,VIIRS,n,2.0NRT,297.41,3.12,D
8.17546,80.30257,331.46,0.44,0.46,2026-09-08,822,N21,VIIRS,n,2.0NRT,297.61,1.69,D
8.2054,80.36328,335.76,0.45,0.47,2026-09-08,822,N21,VIIRS,n,2.0NRT,295.34,5.52,D
8.21241,80.38275,341.38,0.45,0.47,2026-09-08,822,N21,VIIRS,n,2.0NRT,299.02,8.78,D
8.26527,80.44974,340.03,0.45,0.47,2026-09-08,822,N21,VIIRS,n,2.0NRT,299.06,9.21,D
8.34113,80.19086,335.95,0.44,0.46,2026-09-08,822,N21,VIIRS,n,2.0NRT,301.87,20.3,D
8.34169,80.1948,342.42,0.44,0.46,2026-09-08,822,N21,VIIRS,n,2.0NRT,303.3,27.25,D
8.35129,77.57536,337.99,0.46,0.39,2026-09-08,822,N21,VIIRS,l,2.0NRT,308.27,7.94,D
8.3563,80.17673,352.51,0.44,0.46,2026-09-08,822,N21,VIIRS,n,2.0NRT,301.72,24.83,D
8.35724,80.17769,341.6,0.44,0.46,2026-09-08,822,N21,VIIRS,n,2.0NRT,302.52,24.92,D
8.44955,80.19279,336.0,0.44,0.46,2026-09-08,822,N21,VIIRS,n,2.0NRT,301.59,9.42,D
8.50442,80.48933,333.05,0.46,0.47,2026-09-08,822,N21,VIIRS,n,2.0NRT,300.78,4.88,D
8.50873,80.48872,330.0,0.46,0.47,2026-09-08,822,N21,VIIRS,n,2.0NRT,295.28,4.88,D
8.56899,80.49351,336.58,0.46,0.47,2026-09-08,822,N21,VIIRS,n,2.0NRT,299.22,5.75,D
8.58827,78.13114,338.22,0.5,0.41,2026-09-08,822,N21,VIIRS,n,2.0NRT,305.91,6.7,D
8.5959,80.31518,340.46,0.45,0.47,2026-09-08,822,N21,VIIRS,n,2.0NRT,299.38,14.57,D
8.59646,80.3148,340.59,0.45,0.47,2026-09-08,822,N21,VIIRS,n,2.0NRT,299.04,16.66,D
8.60539,77.96745,340.75,0.49,0.4,2026-09-08,822,N21,VIIRS,n,2.0NRT,309.4,22.28,D
8.73366,77.81716,339.76,0.48,0.4,2026-09-08,822,N21,VIIRS,l,2.0NRT,309.85,6.88,D
8.73731,77.81662,338.94,0.48,0.4,2026-09-08,822,N21,VIIRS,n,2.0NRT,308.82,6.88,D
8.8465,80.44485,330.95,0.46,0.47,2026-09-08,822,N21,VIIRS,n,2.0NRT,298.69,6.63,D
8.84915,77.81451,337.79,0.48,0.4,2026-09-08,822,N21,VIIRS,l,2.0NRT,309.67,6.21,D
8.86478,78.08195,343.18,0.5,0.41,2026-09-08,822,N21,VIIRS,n,2.0NRT,312.93,13.19,D
8.86913,78.08589,343.59,0.5,0.41,2026-09-08,822,N21,VIIRS,l,2.0NRT,314.46,13.19,D
8.88382,77.79616,336.88,0.48,0.4,2026-09-08,822,N21,VIIRS,l,2.0NRT,310.04,4.84,D
8.93358,77.49417,335.99,0.46,0.39,2026-09-08,822,N21,VIIRS,n,2.0NRT,304.15,3.63,D
9.04233,78.01846,339.56,0.49,0.41,2026-09-08,822,N21,VIIRS,l,2.0NRT,310.43,11.21,D
9.05442,77.6814,338.42,0.48,0.4,2026-09-08,822,N21,VIIRS,l,2.0NRT,309.31,4.97,D
9.09004,77.77312,348.41,0.48,0.4,2026-09-08,822,N21,VIIRS,n,2.0NRT,311.34,10.56,D
9.09544,77.34049,336.61,0.46,0.39,2026-09-08,822,N21,VIIRS,n,2.0NRT,304.17,5.52,D
9.27549,78.66257,338.63,0.54,0.42,2026-09-08,822,N21,VIIRS,n,2.0NRT,305.96,5.92,D
9.31614,78.72684,345.46,0.55,0.42,2026-09-08,822,N21,VIIRS,n,2.0NRT,305.14,13.24,D
9.34192,78.82452,337.52,0.55,0.43,2026-09-08,822,N21,VIIRS,n,2.0NRT,304.14,31.48,D
9.38507,80.44005,341.4,0.47,0.48,2026-09-08,822,N21,VIIRS,n,2.0NRT,300.05,7.81,D
9.38563,80.44428,339.39,0.47,0.48,2026-09-08,822,N21,VIIRS,n,2.0NRT,300.05,7.81,D
9.52653,77.79057,342.79,0.49,0.4,2026-09-08,822,N21,VIIRS,n,2.0NRT,309.7,14.47,D
9.53313,78.64571,346.35,0.54,0.42,2026-09-08,822,N21,VIIRS,n,2.0NRT,312.4,54.78,D
9.75825,78.38308,336.88,0.53,0.42,2026-09-08,822,N21,VIIRS,l,2.0NRT,310.77,2.91,D
9.85383,77.64912,335.9,0.48,0.4,2026-09-08,822,N21,VIIRS,l,2.0NRT,308.28,5.26,D
9.86731,78.65581,336.69,0.55,0.43,2026-09-08,822,N21,VIIRS,l,2.0NRT,306.77,3.23,D
9.96227,78.9623,336.26,0.38,0.43,2026-09-08,822,N21,VIIRS,n,2.0NRT,302.92,3.07,D
9.97272,78.71961,331.94,0.56,0.43,2026-09-08,822,N21,VIIRS,l,2.0NRT,306.26,1.96,D
10.04153,78.05537,338.27,0.51,0.41,2026-09-08,822,N21,VIIRS,n,2.0NRT,307.97,2.16,D
10.16706,78.7907,338.75,0.57,0.43,2026-09-08,822,N21,VIIRS,n,2.0NRT,304.92,3.99,D
10.17314,78.80556,332.18,0.57,0.43,2026-09-08,822,N21,VIIRS,l,2.0NRT,305.28,3.25,D
10.23821,79.09862,344.63,0.39,0.44,2026-09-08,822,N21,VIIRS,n,2.0NRT,309.9,10.75,D
10.27256,77.2524,341.4,0.47,0.39,2026-09-08,822,N21,VIIRS,l,2.0NRT,315.02,16.81,D
10.40929,79.80421,338.02,0.44,0.46,2026-09-08,822,N21,VIIRS,n,2.0NRT,304.04,3.37,D
10.42191,79.25281,367.0,0.41,0.45,2026-09-08,822,N21,VIIRS,h,2.0NRT,309.42,13.69,D
10.42648,79.25591,350.01,0.41,0.45,2026-09-08,822,N21,VIIRS,n,2.0NRT,308.23,15.53,D
10.43482,77.7946,341.46,0.5,0.41,2026-09-08,822,N21,VIIRS,n,2.0NRT,308.28,9.44,D
10.49573,78.17871,335.43,0.53,0.42,2026-09-08,822,N21,VIIRS,l,2.0NRT,309.55,5.23,D
10.55287,77.33337,340.8,0.47,0.4,2026-09-08,822,N21,VIIRS,l,2.0NRT,312.49,9.0,D
10.55847,78.78347,341.32,0.57,0.43,2026-09-08,822,N21,VIIRS,n,2.0NRT,303.61,5.9,D
10.75671,78.84985,335.72,0.39,0.44,2026-09-08,822,N21,VIIRS,l,2.0NRT,309.18,2.77,D
10.78588,78.80675,338.74,0.38,0.44,2026-09-08,822,N21,VIIRS,l,2.0NRT,309.45,1.68,D
10.78738,77.37723,340.07,0.48,0.4,2026-09-08,822,N21,VIIRS,l,2.0NRT,310.99,6.63,D
10.7879,77.37819,340.86,0.48,0.4,2026-09-08,822,N21,VIIRS,l,2.0NRT,311.05,6.51,D
10.80565,78.98431,346.36,0.39,0.44,2026-09-08,822,N21,VIIRS,n,2.0NRT,310.46,6.58,D
10.86482,77.44711,338.97,0.48,0.4,2026-09-08,822,N21,VIIRS,l,2.0NRT,311.12,4.39,D
10.92993,77.06577,337.44,0.46,0.39,2026-09-08,822,N21,VIIRS,n,2.0NRT,307.43,5.02,D
11.02627,77.50809,338.93,0.49,0.4,2026-09-08,822,N21,VIIRS,n,2.0NRT,308.69,8.94,D
11.12294,77.05234,343.69,0.47,0.39,2026-09-08,822,N21,VIIRS,n,2.0NRT,310.02,15.77,D
11.13888,79.6744,330.75,0.44,0.46,2026-09-08,822,N21,VIIRS,l,2.0NRT,302.67,1.57,D
11.14424,79.74757,331.38,0.45,0.47,2026-09-08,822,N21,VIIRS,l,2.0NRT,301.7,2.46,D
11.16188,77.30102,339.64,0.48,0.4,2026-09-08,822,N21,VIIRS,n,2.0NRT,308.34,5.8,D
11.17862,79.84267,336.29,0.45,0.47,2026-09-08,822,N21,VIIRS,n,2.0NRT,302.6,7.35,D
11.18239,77.23586,337.91,0.48,0.4,2026-09-08,822,N21,VIIRS,n,2.0NRT,305.16,7.38,D
11.29268,79.53696,340.47,0.43,0.46,2026-09-08,822,N21,VIIRS,n,2.0NRT,302.23,5.31,D
11.29362,79.53706,336.2,0.43,0.46,2026-09-08,822,N21,VIIRS,n,2.0NRT,301.32,5.37,D
11.44426,79.2206,330.32,0.42,0.45,2026-09-08,822,N21,VIIRS,l,2.0NRT,301.33,2.6,D
11.46137,79.28418,332.24,0.42,0.45,2026-09-08,822,N21,VIIRS,l,2.0NRT,304.44,3.45,D
11.47736,78.03462,338.17,0.53,0.42,2026-09-08,822,N21,VIIRS,n,2.0NRT,306.83,7.99,D
11.70611,78.73426,337.6,0.39,0.44,2026-09-08,822,N21,VIIRS,n,2.0NRT,309.21,3.05,D
11.999,79.72091,332.98,0.46,0.47,2026-09-08,822,N21,VIIRS,l,2.0NRT,303.48,4.93,D
12.09626,77.0597,348.73,0.48,0.4,2026-09-08,822,N21,VIIRS,n,2.0NRT,316.96,20.08,D
12.47741,78.93455,342.01,0.41,0.45,2026-09-08,824,N21,VIIRS,n,2.0NRT,301.35,16.2,D
12.53124,78.209,333.37,0.56,0.43,2026-09-08,824,N21,VIIRS,l,2.0NRT,307.81,3.75,D
12.71969,79.77961,333.09,0.47,0.48,2026-09-08,824,N21,VIIRS,l,2.0NRT,305.08,6.31,D
13.38639,78.22185,341.05,0.38,0.43,2026-09-08,824,N21,VIIRS,n,2.0NRT,306.3,3.35,D
13.03041,77.87395,310.53,0.35,0.57,2026-09-08,2055,N21,VIIRS,n,2.0NRT,288.5,1.04,N
13.03228,77.87708,301.88,0.35,0.57,2026-09-08,2055,N21,VIIRS,n,2.0NRT,288.37,1.11,N
13.03289,77.87395,313.38,0.35,0.57,2026-09-08,2055,N21,VIIRS,n,2.0NRT,288.65,1.11,N
8.96161,77.40189,306.06,0.38,0.59,2026-09-08,2057,N21,VIIRS,n,2.0NRT,293.72,0.56,N
10.26176,77.25022,308.6,0.35,0.57,2026-09-08,2057,N21,VIIRS,n,2.0NRT,289.86,1.08,N
10.26518,77.26077,300.34,0.35,0.57,2026-09-08,2057,N21,VIIRS,n,2.0NRT,290.14,0.64,N
10.61471,77.42147,302.44,0.36,0.57,2026-09-08,2057,N21,VIIRS,n,2.0NRT,290.34,0.4,N
10.61572,77.41997,304.11,0.36,0.57,2026-09-08,2057,N21,VIIRS,n,2.0NRT,289.39,0.25,N
11.03921,77.58987,303.79,0.36,0.57,2026-09-08,2057,N21,VIIRS,n,2.0NRT,291.03,0.36,N
11.18072,79.10183,305.61,0.46,0.63,2026-09-08,2057,N21,VIIRS,n,2.0NRT,292.61,2.15,N
11.1821,79.09983,311.76,0.46,0.63,2026-09-08,2057,N21,VIIRS,n,2.0NRT,293.07,1.75,N
11.42799,77.36931,314.3,0.34,0.56,2026-09-08,2057,N21,VIIRS,n,2.0NRT,290.94,1.28,N
8.02913,80.45529,334.04,0.39,0.37,2026-09-09,803,N21,VIIRS,l,2.0NRT,306.52,2.08,D
8.03748,80.05777,334.99,0.39,0.36,2026-09-09,803,N21,VIIRS,n,2.0NRT,303.12,5.78,D
8.03777,80.49038,340.92,0.4,0.37,2026-09-09,803,N21,VIIRS,n,2.0NRT,307.21,8.93,D
8.03801,80.06126,333.87,0.39,0.36,2026-09-09,803,N21,VIIRS,n,2.0NRT,302.31,4.15,D
8.03962,80.22958,338.66,0.39,0.36,2026-09-09,803,N21,VIIRS,n,2.0NRT,307.44,4.39,D
8.04974,80.00166,334.1,0.39,0.36,2026-09-09,803,N21,VIIRS,l,2.0NRT,306.84,6.05,D
8.05507,80.40058,348.56,0.39,0.36,2026-09-09,803,N21,VIIRS,n,2.0NRT,308.34,8.29,D
8.0556,80.40413,349.5,0.39,0.36,2026-09-09,803,N21,VIIRS,n,2.0NRT,308.93,14.24,D
8.07328,80.09106,334.15,0.39,0.36,2026-09-09,803,N21,VIIRS,n,2.0NRT,301.54,6.81,D
8.08427,80.3455,335.79,0.39,0.36,2026-09-09,803,N21,VIIRS,n,2.0NRT,305.0,2.24,D
8.09668,79.90884,333.13,0.39,0.36,2026-09-09,803,N21,VIIRS,n,2.0NRT,300.38,3.11,D
8.10521,80.10054,330.02,0.39,0.36,2026-09-09,803,N21,VIIRS,l,2.0NRT,302.19,9.49,D
8.1251,80.09753,343.06,0.39,0.36,2026-09-09,803,N21,VIIRS,n,2.0NRT,307.09,4.93,D
8.12842,80.09703,343.49,0.39,0.36,2026-09-09,803,N21,VIIRS,n,2.0NRT,306.36,4.93,D
8.18763,80.10533,334.78,0.39,0.36,2026-09-09,803,N21,VIIRS,n,2.0NRT,303.13,3.74,D
8.22883,80.35868,337.36,0.39,0.36,2026-09-09,803,N21,VIIRS,n,2.0NRT,305.05,3.25,D
8.23216,80.35817,342.97,0.39,0.36,2026-09-09,803,N21,VIIRS,n,2.0NRT,305.41,9.13,D
8.26458,80.32429,333.06,0.39,0.36,2026-09-09,803,N21,VIIRS,l,2.0NRT,306.42,4.47,D
8.27032,80.29445,336.41,0.39,0.36,2026-09-09,803,N21,VIIRS,n,2.0NRT,305.15,6.91,D
8.27751,80.29699,334.89,0.39,0.36,2026-09-09,803,N21,VIIRS,n,2.0NRT,304.84,5.14,D
8.28111,80.16239,335.72,0.39,0.36,2026-09-09,803,N21,VIIRS,n,2.0NRT,305.3,2.68,D
8.30576,80.48531,341.74,0.4,0.37,2026-09-09,803,N21,VIIRS,n,2.0NRT,308.69,6.8,D
8.30893,80.28085,336.4,0.39,0.36,2026-09-09,803,N21,VIIRS,l,2.0NRT,306.47,5.14,D
8.38202,80.29152,337.44,0.39,0.36,2026-09-09,803,N21,VIIRS,n,2.0NRT,303.86,4.53,D
8.38482,80.28748,340.3,0.39,0.36,2026-09-09,803,N21,VIIRS,n,2.0NRT,308.24,7.25,D
8.38602,80.27281,334.08,0.39,0.36,2026-09-09,803,N21,VIIRS,l,2.0NRT,305.39,3.82,D
8.38655,80.27634,339.26,0.39,0.36,2026-09-09,803,N21,VIIRS,l,2.0NRT,309.63,3.82,D
8.39316,80.45707,340.53,0.4,0.37,2026-09-09,803,N21,VIIRS,n,2.0NRT,306.78,5.25,D
8.39369,80.46064,337.38,0.4,0.37,2026-09-09,803,N21,VIIRS,n,2.0NRT,306.57,5.74,D
8.394,80.32594,337.38,0.39,0.36,2026-09-09,803,N21,VIIRS,n,2.0NRT,306.8,3.14,D
8.39704,80.46014,334.39,0.4,0.37,2026-09-09,803,N21,VIIRS,l,2.0NRT,305.5,1.97,D
8.40413,80.21223,336.1,0.39,0.36,2026-09-09,803,N21,VIIRS,l,2.0NRT,307.32,3.67,D
8.47588,80.48859,336.08,0.4,0.37,2026-09-09,803,N21,VIIRS,n,2.0NRT,305.55,3.31,D
8.49775,80.1795,336.54,0.39,0.36,2026-09-09,803,N21,VIIRS,n,2.0NRT,305.28,7.5,D
8.50176,80.36421,337.16,0.4,0.37,2026-09-09,803,N21,VIIRS,l,2.0NRT,307.66,4.89,D
8.52244,80.34608,330.05,0.4,0.37,2026-09-09,803,N21,VIIRS,l,2.0NRT,301.92,1.78,D
8.52577,80.34558,331.74,0.4,0.37,2026-09-09,803,N21,VIIRS,n,2.0NRT,301.9,1.78,D
8.55865,80.4062,347.73,0.4,0.37,2026-09-09,803,N21,VIIRS,n,2.0NRT,304.64,9.1,D
8.60604,77.9667,337.74,0.39,0.37,2026-09-09,803,N21,VIIRS,l,2.0NRT,304.51,13.51,D
8.60838,80.37315,338.16,0.4,0.37,2026-09-09,803,N21,VIIRS,n,2.0NRT,307.53,4.58,D
8.61144,80.41646,340.46,0.4,0.37,2026-09-09,803,N21,VIIRS,n,2.0NRT,306.84,4.07,D
8.61532,80.41953,339.38,0.4,0.37,2026-09-09,803,N21,VIIRS,n,2.0NRT,306.72,4.02,D
8.6525,80.42069,340.31,0.4,0.37,2026-09-09,803,N21,VIIRS,n,2.0NRT,305.69,6.18,D
8.65355,80.42785,333.72,0.4,0.37,2026-09-09,803,N21,VIIRS,n,2.0NRT,302.56,4.18,D
8.68907,80.36769,338.31,0.4,0.37,2026-09-09,803,N21,VIIRS,n,2.0NRT,307.4,6.36,D
8.69013,80.37483,338.78,0.4,0.37,2026-09-09,803,N21,VIIRS,n,2.0NRT,305.02,7.54,D
8.88022,80.30549,335.32,0.4,0.37,2026-09-09,803,N21,VIIRS,n,2.0NRT,304.98,2.92,D
8.91769,80.44263,332.34,0.4,0.37,2026-09-09,803,N21,VIIRS,l,2.0NRT,303.75,8.83,D
9.04945,80.07238,346.63,0.39,0.36,2026-09-09,803,N21,VIIRS,n,2.0NRT,307.7,10.58,D
9.09781,80.2832,335.37,0.4,0.37,2026-09-09,803,N21,VIIRS,l,2.0NRT,306.52,3.1,D
9.25298,80.27391,336.86,0.4,0.37,2026-09-09,803,N21,VIIRS,n,2.0NRT,306.28,8.56,D
9.37343,78.79734,340.21,0.38,0.36,2026-09-09,803,N21,VIIRS,n,2.0NRT,308.35,5.14,D
9.38095,80.47141,339.58,0.4,0.37,2026-09-09,803,N21,VIIRS,n,2.0NRT,306.45,3.09,D
9.38323,80.46365,339.56,0.4,0.37,2026-09-09,803,N21,VIIRS,n,2.0NRT,307.26,5.25,D
9.38539,80.47816,341.18,0.4,0.37,2026-09-09,803,N21,VIIRS,n,2.0NRT,310.23,30.5,D
9.39973,80.41304,344.51,0.4,0.37,2026-09-09,803,N21,VIIRS,n,2.0NRT,308.67,4.91,D
9.40197,80.41294,339.98,0.4,0.37,2026-09-09,803,N21,VIIRS,n,2.0NRT,308.45,6.53,D
9.40497,80.38664,336.45,0.4,0.37,2026-09-09,803,N21,VIIRS,l,2.0NRT,309.49,3.2,D
9.40639,80.41968,349.13,0.4,0.37,2026-09-09,803,N21,VIIRS,n,2.0NRT,311.59,9.68,D
9.41557,80.38874,339.55,0.4,0.37,2026-09-09,803,N21,VIIRS,n,2.0NRT,308.34,4.12,D
9.58811,80.33266,336.01,0.4,0.37,2026-09-09,803,N21,VIIRS,n,2.0NRT,303.23,3.65,D
10.27511,77.2542,346.34,0.4,0.37,2026-09-09,803,N21,VIIRS,n,2.0NRT,307.77,9.28,D
10.34697,79.31435,335.65,0.39,0.36,2026-09-09,803,N21,VIIRS,n,2.0NRT,298.64,2.96,D
10.43594,77.06713,338.92,0.41,0.37,2026-09-09,803,N21,VIIRS,n,2.0NRT,307.05,14.78,D
10.52183,79.2366,336.16,0.39,0.36,2026-09-09,803,N21,VIIRS,n,2.0NRT,300.9,2.67,D
10.53991,79.67301,340.24,0.39,0.36,2026-09-09,803,N21,VIIRS,n,2.0NRT,306.46,7.05,D
10.54028,77.77425,343.33,0.39,0.36,2026-09-09,803,N21,VIIRS,n,2.0NRT,311.07,6.28,D
10.55722,79.22038,341.0,0.39,0.36,2026-09-09,803,N21,VIIRS,n,2.0NRT,306.72,6.78,D
10.81844,79.1286,336.1,0.39,0.36,2026-09-09,803,N21,VIIRS,n,2.0NRT,305.73,1.82,D
10.96822,79.55919,334.45,0.39,0.36,2026-09-09,803,N21,VIIRS,n,2.0NRT,294.89,1.35,D
11.18182,79.09955,334.17,0.39,0.36,2026-09-09,803,N21,VIIRS,l,2.0NRT,306.04,0.86,D
11.33365,78.77398,339.33,0.38,0.36,2026-09-09,803,N21,VIIRS,n,2.0NRT,308.85,7.69,D
11.89375,78.74492,339.29,0.38,0.36,2026-09-09,803,N21,VIIRS,n,2.0NRT,306.86,3.83,D
12.06441,79.20458,332.99,0.39,0.36,2026-09-09,803,N21,VIIRS,l,2.0NRT,305.07,1.03,D
12.13256,79.73738,334.75,0.4,0.37,2026-09-09,803,N21,VIIRS,n,2.0NRT,303.91,1.34,D
12.14694,79.87358,337.98,0.4,0.37,2026-09-09,803,N21,VIIRS,n,2.0NRT,300.31,3.34,D
12.35188,79.28709,331.99,0.39,0.36,2026-09-09,803,N21,VIIRS,l,2.0NRT,302.33,2.17,D
12.60612,80.15658,332.06,0.41,0.37,2026-09-09,803,N21,VIIRS,n,2.0NRT,297.81,2.25,D
12.75158,79.99687,335.4,0.41,0.37,2026-09-09,803,N21,VIIRS,n,2.0NRT,302.07,5.39,D
12.94421,78.92732,340.85,0.39,0.36,2026-09-09,803,N21,VIIRS,n,2.0NRT,300.72,5.45,D
10.61617,77.42035,305.44,0.53,0.42,2026-09-09,2038,N21,VIIRS,n,2.0NRT,292.75,1.51,N
11.18337,79.10139,296.98,0.44,0.46,2026-09-09,2038,N21,VIIRS,n,2.0NRT,268.22,0.75,N
11.75512,77.01227,303.35,0.48,0.4,2026-09-09,2038,N21,VIIRS,n,2.0NRT,290.01,0.43,N
12.27269,77.37935,322.92,0.5,0.41,2026-09-09,2038,N21,VIIRS,n,2.0NRT,290.57,3.41,N
12.74632,77.62019,302.49,0.51,0.41,2026-09-09,2038,N21,VIIRS,n,2.0NRT,290.22,0.65,N
12.85013,77.58395,302.4,0.5,0.41,2026-09-09,2038,N21,VIIRS,n,2.0NRT,290.51,0.41,N
8.0018,80.11408,331.42,0.51,0.41,2026-09-10,744,N21,VIIRS,n,2.0NRT,299.89,4.33,D
8.16179,80.40961,336.7,0.49,0.4,2026-09-10,744,N21,VIIRS,n,2.0NRT,299.72,6.11,D
8.36626,80.27986,340.57,0.49,0.4,2026-09-10,744,N21,VIIRS,n,2.0NRT,304.09,6.9,D
8.41569,77.66499,335.52,0.47,0.48,2026-09-10,744,N21,VIIRS,n,2.0NRT,302.54,3.43,D
8.43529,77.6227,336.99,0.47,0.48,2026-09-10,744,N21,VIIRS,n,2.0NRT,304.43,1.21,D
8.49768,80.283,332.12,0.49,0.4,2026-09-10,744,N21,VIIRS,n,2.0NRT,301.04,4.91,D
8.50359,80.27306,341.02,0.49,0.4,2026-09-10,744,N21,VIIRS,l,2.0NRT,301.03,12.38,D
8.57501,80.36468,335.92,0.48,0.4,2026-09-10,744,N21,VIIRS,n,2.0NRT,304.53,5.48,D
8.57867,80.36407,334.37,0.48,0.4,2026-09-10,744,N21,VIIRS,n,2.0NRT,303.81,6.15,D
8.57937,80.36842,332.6,0.48,0.4,2026-09-10,744,N21,VIIRS,n,2.0NRT,301.43,3.83,D
8.61568,78.09698,336.26,0.44,0.46,2026-09-10,744,N21,VIIRS,n,2.0NRT,293.13,4.47,D
8.70023,80.37247,334.56,0.48,0.4,2026-09-10,744,N21,VIIRS,l,2.0NRT,306.26,7.4,D
8.83694,80.33418,333.87,0.48,0.4,2026-09-10,744,N21,VIIRS,l,2.0NRT,302.43,3.47,D
8.90438,77.60378,333.52,0.47,0.48,2026-09-10,744,N21,VIIRS,l,2.0NRT,304.14,4.95,D
8.90687,77.60324,339.94,0.47,0.48,2026-09-10,744,N21,VIIRS,n,2.0NRT,306.89,3.33,D
8.94718,80.46166,344.44,0.47,0.4,2026-09-10,744,N21,VIIRS,n,2.0NRT,304.57,15.06,D
8.94848,80.46294,333.45,0.47,0.4,2026-09-10,744,N21,VIIRS,l,2.0NRT,303.73,10.22,D
8.96667,77.85931,348.35,0.45,0.47,2026-09-10,744,N21,VIIRS,n,2.0NRT,309.61,14.16,D
9.02846,80.2422,350.65,0.48,0.4,2026-09-10,744,N21,VIIRS,n,2.0NRT,302.49,7.41,D
9.02856,80.24287,342.15,0.48,0.4,2026-09-10,744,N21,VIIRS,n,2.0NRT,302.72,8.78,D
9.24767,77.89903,342.41,0.44,0.46,2026-09-10,744,N21,VIIRS,n,2.0NRT,308.27,12.1,D
9.2705,78.60549,343.63,0.4,0.44,2026-09-10,744,N21,VIIRS,n,2.0NRT,304.06,2.3,D
9.36015,78.76106,339.16,0.39,0.44,2026-09-10,744,N21,VIIRS,n,2.0NRT,302.15,1.88,D
9.40057,80.47038,341.83,0.47,0.4,2026-09-10,744,N21,VIIRS,l,2.0NRT,303.59,10.59,D
9.4199,80.3849,353.94,0.47,0.4,2026-09-10,744,N21,VIIRS,n,2.0NRT,306.86,24.67,D
9.43006,80.37888,339.92,0.47,0.4,2026-09-10,744,N21,VIIRS,l,2.0NRT,305.2,10.01,D
9.40665,77.73219,305.49,0.38,0.36,2026-09-10,2019,N21,VIIRS,n,2.0NRT,287.51,1.52,N
8.31679,80.25421,332.65,0.33,0.55,2026-09-11,726,N21,VIIRS,n,2.0NRT,299.22,6.52,D
8.31783,80.31797,338.65,0.33,0.55,2026-09-11,726,N21,VIIRS,n,2.0NRT,299.06,3.64,D
8.3213,80.2504,332.07,0.33,0.56,2026-09-11,726,N21,VIIRS,n,2.0NRT,298.22,4.77,D
8.32823,80.23088,342.45,0.33,0.56,2026-09-11,726,N21,VIIRS,n,2.0NRT,297.58,5.46,D
8.32876,80.23387,339.45,0.33,0.56,2026-09-11,726,N21,VIIRS,n,2.0NRT,298.96,7.23,D
8.36492,80.20286,331.59,0.34,0.56,2026-09-11,726,N21,VIIRS,n,2.0NRT,297.97,2.81,D
8.38192,80.41776,331.62,0.32,0.55,2026-09-11,726,N21,VIIRS,n,2.0NRT,300.05,3.18,D
8.38243,80.42065,338.16,0.32,0.55,2026-09-11,726,N21,VIIRS,n,2.0NRT,299.58,3.18,D
8.41959,80.30999,332.9,0.33,0.55,2026-09-11,726,N21,VIIRS,n,2.0NRT,299.22,3.31,D
8.42012,80.31292,330.4,0.33,0.55,2026-09-11,726,N21,VIIRS,n,2.0NRT,298.46,4.12,D
8.48778,80.46198,343.36,0.32,0.55,2026-09-11,726,N21,VIIRS,n,2.0NRT,297.3,5.09,D
8.49171,80.13688,330.79,0.34,0.56,2026-09-11,726,N21,VIIRS,n,2.0NRT,298.41,4.54,D
8.50888,80.17417,354.53,0.33,0.56,2026-09-11,726,N21,VIIRS,n,2.0NRT,297.06,10.01,D
8.60761,80.38096,333.57,0.32,0.55,2026-09-11,726,N21,VIIRS,n,2.0NRT,297.15,2.75,D
8.61894,80.47482,341.77,0.64,0.54,2026-09-11,726,N21,VIIRS,n,2.0NRT,298.36,11.07,D
8.64861,80.37698,332.81,0.32,0.55,2026-09-11,726,N21,VIIRS,n,2.0NRT,297.87,2.77,D
8.71072,80.17675,342.12,0.33,0.55,2026-09-11,726,N21,VIIRS,n,2.0NRT,297.06,3.48,D
8.73159,80.35374,332.03,0.32,0.55,2026-09-11,726,N21,VIIRS,n,2.0NRT,296.72,2.52,D
8.73255,80.35361,331.42,0.32,0.55,2026-09-11,726,N21,VIIRS,n,2.0NRT,296.56,2.9,D
9.11983,80.27057,340.54,0.32,0.55,2026-09-11,726,N21,VIIRS,n,2.0NRT,292.24,2.86,D
11.63526,77.78582,305.27,0.39,0.44,2026-09-11,2000,N21,VIIRS,n,2.0NRT,281.28,1.59,N
11.63575,77.78219,311.22,0.4,0.44,2026-09-11,2000,N21,VIIRS,n,2.0NRT,281.38,1.59,N
13.44537,80.09873,300.75,0.46,0.39,2026-09-11,2000,N21,VIIRS,n,2.0NRT,278.86,0.39,N
9.33208,77.42133,306.37,0.39,0.44,2026-09-11,2002,N21,VIIRS,n,2.0NRT,285.64,0.57,N
9.01332,79.85774,339.15,0.73,0.76,2026-09-12,707,N21,VIIRS,n,2.0NRT,290.89,14.78,D
9.11475,80.29814,340.92,0.68,0.74,2026-09-12,707,N21,VIIRS,n,2.0NRT,291.98,9.59,D
9.40651,80.41932,367.0,0.66,0.73,2026-09-12,707,N21,VIIRS,h,2.0NRT,291.91,29.65,D
9.40808,80.41743,339.5,0.66,0.73,2026-09-12,707,N21,VIIRS,n,2.0NRT,291.21,13.27,D
9.40922,80.42326,344.76,0.66,0.73,2026-09-12,707,N21,VIIRS,n,2.0NRT,291.43,13.27,D
8.17673,79.90968,332.24,0.57,0.69,2026-09-12,845,N21,VIIRS,n,2.0NRT,294.21,7.87,D
8.18016,79.91205,331.16,0.57,0.69,2026-09-12,845,N21,VIIRS,n,2.0NRT,294.06,9.38,D
8.24815,80.27408,332.29,0.6,0.71,2026-09-12,845,N21,VIIRS,n,2.0NRT,294.42,3.14,D
8.38151,77.63257,336.2,0.4,0.6,2026-09-12,848,N21,VIIRS,n,2.0NRT,299.49,2.87,D
8.4721,80.47921,334.47,0.63,0.72,2026-09-12,848,N21,VIIRS,n,2.0NRT,292.08,9.06,D
8.53039,80.25745,339.81,0.61,0.71,2026-09-12,848,N21,VIIRS,n,2.0NRT,291.61,11.51,D
8.53139,80.2601,335.51,0.61,0.71,2026-09-12,848,N21,VIIRS,n,2.0NRT,292.62,10.7,D
8.63273,77.95695,343.66,0.42,0.61,2026-09-12,848,N21,VIIRS,n,2.0NRT,295.92,5.13,D
8.76355,80.2114,345.58,0.61,0.71,2026-09-12,848,N21,VIIRS,n,2.0NRT,293.02,12.8,D
8.84051,77.56339,351.95,0.4,0.6,2026-09-12,848,N21,VIIRS,n,2.0NRT,300.81,6.23,D
8.9391,77.54266,330.88,0.4,0.6,2026-09-12,848,N21,VIIRS,l,2.0NRT,300.98,3.16,D
9.01183,79.85493,339.29,0.58,0.7,2026-09-12,848,N21,VIIRS,n,2.0NRT,292.82,8.15,D
9.01281,77.36678,330.69,0.39,0.59,2026-09-12,848,N21,VIIRS,n,2.0NRT,295.58,2.23,D
9.23561,77.48406,333.74,0.4,0.6,2026-09-12,848,N21,VIIRS,n,2.0NRT,291.22,4.11,D
9.2401,77.48399,330.96,0.4,0.6,2026-09-12,848,N21,VIIRS,n,2.0NRT,293.2,4.15,D
9.273,77.95239,335.16,0.43,0.62,2026-09-12,848,N21,VIIRS,n,2.0NRT,291.48,2.97,D
9.80803,77.91698,330.79,0.44,0.62,2026-09-12,848,N21,VIIRS,n,2.0NRT,295.02,2.8,D
9.81062,77.91656,332.04,0.44,0.62,2026-09-12,848,N21,VIIRS,n,2.0NRT,296.33,5.64,D
8.0092,80.19059,340.64,0.55,0.51,2026-09-13,828,N21,VIIRS,n,2.0NRT,293.47,12.79,D
8.02779,80.36233,330.16,0.57,0.52,2026-09-13,828,N21,VIIRS,n,2.0NRT,292.27,7.19,D
8.0292,80.16267,334.16,0.55,0.51,2026-09-13,828,N21,VIIRS,n,2.0NRT,294.67,6.46,D
8.03683,80.42897,333.29,0.57,0.52,2026-09-13,828,N21,VIIRS,n,2.0NRT,294.65,9.92,D
8.03878,80.232,332.72,0.56,0.51,2026-09-13,828,N21,VIIRS,n,2.0NRT,294.37,5.77,D
8.03901,80.00057,344.55,0.54,0.51,2026-09-13,828,N21,VIIRS,n,2.0NRT,292.84,30.68,D
8.03994,80.00211,342.89,0.54,0.51,2026-09-13,828,N21,VIIRS,n,2.0NRT,292.96,22.24,D
8.04089,80.42314,334.82,0.57,0.52,2026-09-13,828,N21,VIIRS,n,2.0NRT,293.13,8.27,D
8.04159,80.42829,336.35,0.57,0.52,2026-09-13,828,N21,VIIRS,n,2.0NRT,294.35,8.27,D
8.0462,80.39101,333.45,0.57,0.52,2026-09-13,828,N21,VIIRS,n,2.0NRT,293.67,3.72,D
8.11767,80.05849,330.33,0.54,0.51,2026-09-13,828,N21,VIIRS,n,2.0NRT,288.97,1.99,D
8.15253,80.45384,330.38,0.58,0.52,2026-09-13,828,N21,VIIRS,n,2.0NRT,295.87,9.6,D
8.1573,80.45317,341.75,0.58,0.52,2026-09-13,828,N21,VIIRS,n,2.0NRT,295.51,9.6,D
8.18231,80.30593,331.15,0.57,0.52,2026-09-13,828,N21,VIIRS,n,2.0NRT,294.33,4.07,D
8.20092,80.34748,330.18,0.57,0.52,2026-09-13,828,N21,VIIRS,n,2.0NRT,294.02,2.71,D
8.22508,80.40976,341.47,0.58,0.52,2026-09-13,828,N21,VIIRS,n,2.0NRT,295.26,16.64,D
8.22578,80.41499,340.9,0.58,0.52,2026-09-13,828,N21,VIIRS,n,2.0NRT,294.77,14.0,D
8.2373,80.39221,336.0,0.57,0.52,2026-09-13,828,N21,VIIRS,n,2.0NRT,294.61,7.93,D
8.2615,80.32092,333.48,0.57,0.52,2026-09-13,828,N21,VIIRS,n,2.0NRT,295.01,8.67,D
8.35588,80.29491,334.1,0.57,0.52,2026-09-13,828,N21,VIIRS,n,2.0NRT,294.46,5.46,D
8.36272,80.48936,333.4,0.59,0.53,2026-09-13,828,N21,VIIRS,n,2.0NRT,290.81,5.42,D
8.36421,80.18029,335.6,0.56,0.51,2026-09-13,828,N21,VIIRS,n,2.0NRT,292.97,6.21,D
8.37162,80.48279,330.71,0.59,0.53,2026-09-13,828,N21,VIIRS,n,2.0NRT,294.18,6.82,D
8.46417,80.4798,334.65,0.59,0.53,2026-09-13,828,N21,VIIRS,n,2.0NRT,290.66,6.6,D
8.49624,80.24042,338.64,0.57,0.52,2026-09-13,828,N21,VIIRS,n,2.0NRT,291.37,8.19,D
8.52348,80.41283,340.27,0.58,0.52,2026-09-13,828,N21,VIIRS,n,2.0NRT,293.49,12.4,D
8.52402,80.41576,342.22,0.58,0.52,2026-09-13,828,N21,VIIRS,n,2.0NRT,293.51,10.7,D
8.55004,80.42806,340.72,0.58,0.52,2026-09-13,828,N21,VIIRS,n,2.0NRT,290.82,9.82,D
8.56002,78.07714,342.75,0.41,0.45,2026-09-13,828,N21,VIIRS,n,2.0NRT,292.05,4.24,D
8.58597,77.99529,339.1,0.4,0.44,2026-09-13,828,N21,VIIRS,n,2.0NRT,289.12,4.45,D
8.61431,80.3978,341.92,0.58,0.52,2026-09-13,828,N21,VIIRS,n,2.0NRT,289.7,6.01,D
8.61494,80.4004,340.92,0.58,0.52,2026-09-13,828,N21,VIIRS,n,2.0NRT,288.91,11.15,D
8.62795,80.42538,338.67,0.59,0.53,2026-09-13,828,N21,VIIRS,n,2.0NRT,287.11,8.86,D
8.62823,80.42798,338.12,0.59,0.52,2026-09-13,828,N21,VIIRS,n,2.0NRT,287.74,9.43,D
8.65732,80.35207,340.73,0.58,0.52,2026-09-13,828,N21,VIIRS,n,2.0NRT,290.47,10.75,D
9.71718,78.94819,341.37,0.48,0.48,2026-09-13,828,N21,VIIRS,n,2.0NRT,289.59,5.28,D
9.71753,78.94925,342.23,0.48,0.48,2026-09-13,828,N21,VIIRS,n,2.0NRT,289.11,5.02,D
9.79343,78.81542,339.98,0.47,0.48,2026-09-13,828,N21,VIIRS,n,2.0NRT,288.55,4.69,D
8.09289,79.9213,341.13,0.42,0.38,2026-09-14,809,N21,VIIRS,n,2.0NRT,281.84,7.0,D
8.33458,80.26307,344.92,0.44,0.38,2026-09-14,809,N21,VIIRS,n,2.0NRT,292.49,6.83,D
8.38157,80.16745,339.6,0.44,0.38,2026-09-14,809,N21,VIIRS,n,2.0NRT,300.16,6.03,D
8.46077,80.48615,341.45,0.45,0.39,2026-09-14,809,N21,VIIRS,n,2.0NRT,293.24,5.82,D
8.46137,80.49021,344.72,0.45,0.39,2026-09-14,809,N21,VIIRS,n,2.0NRT,293.93,7.28,D
8.46433,80.48563,340.49,0.45,0.39,2026-09-14,809,N21,VIIRS,n,2.0NRT,292.05,5.82,D
8.46493,80.48969,340.88,0.45,0.39,2026-09-14,809,N21,VIIRS,n,2.0NRT,292.74,7.28,D
8.4731,80.49786,335.59,0.45,0.39,2026-09-14,809,N21,VIIRS,n,2.0NRT,295.46,5.79,D
8.47323,80.49677,336.04,0.45,0.39,2026-09-14,809,N21,VIIRS,n,2.0NRT,296.74,5.08,D
8.47579,80.16636,339.11,0.44,0.38,2026-09-14,809,N21,VIIRS,n,2.0NRT,302.56,13.84,D
8.4786,80.21029,336.56,0.44,0.38,2026-09-14,809,N21,VIIRS,n,2.0NRT,297.41,3.96,D
8.5051,80.49313,347.17,0.45,0.39,2026-09-14,809,N21,VIIRS,n,2.0NRT,300.71,13.76,D
8.53058,80.46856,339.84,0.45,0.39,2026-09-14,809,N21,VIIRS,n,2.0NRT,304.98,9.59,D
8.53295,80.45995,339.29,0.45,0.39,2026-09-14,809,N21,VIIRS,n,2.0NRT,299.66,5.76,D
8.5365,80.45943,345.31,0.45,0.39,2026-09-14,809,N21,VIIRS,n,2.0NRT,303.75,10.56,D
8.55601,80.44409,339.75,0.45,0.39,2026-09-14,809,N21,VIIRS,n,2.0NRT,304.95,4.77,D
8.55661,80.44814,335.28,0.45,0.39,2026-09-14,809,N21,VIIRS,n,2.0NRT,303.51,4.77,D
9.30373,78.84122,336.92,0.4,0.37,2026-09-14,809,N21,VIIRS,n,2.0NRT,304.34,4.19,D
9.38062,78.88095,339.62,0.4,0.37,2026-09-14,809,N21,VIIRS,n,2.0NRT,305.53,8.54,D
9.47663,80.48464,346.87,0.46,0.39,2026-09-14,809,N21,VIIRS,n,2.0NRT,273.16,8.18,D
9.56643,80.3787,338.16,0.46,0.39,2026-09-14,809,N21,VIIRS,n,2.0NRT,288.79,3.57,D
9.7207,78.95246,345.23,0.41,0.37,2026-09-14,809,N21,VIIRS,n,2.0NRT,295.89,6.16,D
11.29935,77.66217,330.65,0.39,0.36,2026-09-14,809,N21,VIIRS,n,2.0NRT,294.76,3.07,D
11.66629,79.68321,330.27,0.45,0.39,2026-09-14,809,N21,VIIRS,n,2.0NRT,298.88,2.27,D
11.79338,79.61192,332.96,0.44,0.39,2026-09-14,809,N21,VIIRS,n,2.0NRT,288.99,3.64,D
12.26682,76.79605,332.29,0.38,0.36,2026-09-14,809,N21,VIIRS,n,2.0NRT,299.87,3.22,D
12.42312,77.78984,335.99,0.39,0.36,2026-09-14,809,N21,VIIRS,n,2.0NRT,303.54,4.36,D
12.99095,76.12147,331.14,0.39,0.36,2026-09-14,809,N21,VIIRS,l,2.0NRT,302.84,2.22,D
12.99763,77.86208,335.1,0.4,0.37,2026-09-14,809,N21,VIIRS,n,2.0NRT,304.58,3.0,D
13.16683,76.5813,335.04,0.38,0.36,2026-09-14,809,N21,VIIRS,n,2.0NRT,306.08,2.42,D
13.42161,77.4642,334.5,0.39,0.36,2026-09-14,809,N21,VIIRS,l,2.0NRT,306.78,3.26,D
13.4731,77.76627,335.67,0.4,0.37,2026-09-14,809,N21,VIIRS,l,2.0NRT,307.27,10.71,D
13.15995,80.28497,306.06,0.62,0.54,2026-09-14,2044,N21,VIIRS,n,2.0NRT,289.4,2.64,N
8.76811,77.33213,337.9,0.39,0.44,2026-09-15,750,N21,VIIRS,n,2.0NRT,295.6,5.34,D
8.76866,77.33543,336.4,0.39,0.44,2026-09-15,750,N21,VIIRS,n,2.0NRT,296.52,5.34,D
9.85442,76.45007,340.39,0.42,0.45,2026-09-15,752,N21,VIIRS,n,2.0NRT,294.31,7.48,D
10.03031,76.72562,330.77,0.4,0.44,2026-09-15,752,N21,VIIRS,n,2.0NRT,294.34,4.59,D
10.20695,79.01132,337.42,0.45,0.39,2026-09-15,752,N21,VIIRS,l,2.0NRT,303.05,8.73,D
10.86922,79.84652,339.37,0.41,0.37,2026-09-15,752,N21,VIIRS,n,2.0NRT,304.01,5.97,D
11.96841,78.91827,333.33,0.44,0.38,2026-09-15,752,N21,VIIRS,n,2.0NRT,298.98,2.81,D
12.90129,76.29606,341.26,0.39,0.44,2026-09-15,752,N21,VIIRS,n,2.0NRT,304.54,3.45,D
12.90365,76.29477,337.34,0.39,0.44,2026-09-15,752,N21,VIIRS,n,2.0NRT,304.9,3.87,D
13.37898,76.37723,338.08,0.57,0.43,2026-09-15,752,N21,VIIRS,n,2.0NRT,307.48,5.35,D
8.67164,78.07452,324.34,0.42,0.38,2026-09-15,2025,N21,VIIRS,n,2.0NRT,274.85,2.89,N
10.71444,78.09198,304.82,0.41,0.37,2026-09-15,2025,N21,VIIRS,n,2.0NRT,291.67,1.46,N
12.11792,78.95548,307.23,0.42,0.38,2026-09-15,2025,N21,VIIRS,n,2.0NRT,287.29,1.44,N
13.39318,80.10001,306.0,0.46,0.39,2026-09-15,2025,N21,VIIRS,n,2.0NRT,289.32,2.02,N
8.44124,77.58891,334.02,0.39,0.6,2026-09-16,731,N21,VIIRS,n,2.0NRT,295.86,3.74,D
8.44338,77.58873,344.77,0.39,0.59,2026-09-16,731,N21,VIIRS,n,2.0NRT,297.98,3.44,D
8.49425,77.31149,335.27,0.41,0.61,2026-09-16,731,N21,VIIRS,n,2.0NRT,292.96,3.77,D
8.49447,77.3097,337.41,0.41,0.61,2026-09-16,731,N21,VIIRS,n,2.0NRT,292.72,7.2,D
8.60612,77.9716,332.61,0.37,0.58,2026-09-16,731,N21,VIIRS,n,2.0NRT,291.69,3.67,D
9.40423,80.4836,330.37,0.48,0.48,2026-09-16,731,N21,VIIRS,n,2.0NRT,290.68,4.98,D
9.47342,80.46737,337.24,0.48,0.48,2026-09-16,731,N21,VIIRS,n,2.0NRT,291.42,6.24,D
9.49923,78.90596,337.77,0.61,0.53,2026-09-16,731,N21,VIIRS,n,2.0NRT,295.87,5.95,D
10.64368,79.77027,334.38,0.51,0.49,2026-09-16,731,N21,VIIRS,n,2.0NRT,300.85,7.67,D
10.81349,77.8304,330.86,0.34,0.56,2026-09-16,731,N21,VIIRS,n,2.0NRT,295.1,2.43,D
10.8186,77.82951,330.66,0.34,0.56,2026-09-16,731,N21,VIIRS,n,2.0NRT,295.78,2.43,D
10.86719,78.58047,335.21,0.61,0.53,2026-09-16,731,N21,VIIRS,n,2.0NRT,294.91,5.56,D
10.88714,77.81318,331.23,0.34,0.56,2026-09-16,731,N21,VIIRS,n,2.0NRT,296.16,1.93,D
11.06173,77.64268,339.3,0.35,0.57,2026-09-16,731,N21,VIIRS,n,2.0NRT,284.58,3.24,D
11.87182,79.46504,330.08,0.51,0.49,2026-09-16,731,N21,VIIRS,l,2.0NRT,302.41,9.82,D
12.04965,79.08607,333.65,0.54,0.51,2026-09-16,731,N21,VIIRS,n,2.0NRT,296.8,2.62,D
12.21233,79.92786,330.48,0.47,0.48,2026-09-16,731,N21,VIIRS,n,2.0NRT,295.71,6.29,D
12.51927,80.01708,340.55,0.46,0.47,2026-09-16,731,N21,VIIRS,n,2.0NRT,297.52,2.28,D
12.68042,79.69836,330.19,0.48,0.48,2026-09-16,731,N21,VIIRS,n,2.0NRT,292.45,4.07,D
12.83684,79.94046,331.46,0.46,0.47,2026-09-16,733,N21,VIIRS,l,2.0NRT,302.78,5.83,D
12.87949,79.90715,335.56,0.46,0.47,2026-09-16,733,N21,VIIRS,n,2.0NRT,299.47,5.66,D
13.00124,77.41275,303.01,0.52,0.42,2026-09-16,2006,N21,VIIRS,n,2.0NRT,290.05,0.87,N
13.34493,76.99017,300.35,0.56,0.43,2026-09-16,2006,N21,VIIRS,n,2.0NRT,282.77,1.21,N
13.39087,80.10328,307.15,0.4,0.37,2026-09-16,2006,N21,VIIRS,n,2.0NRT,294.03,0.8,N
13.42476,79.93306,340.13,0.47,0.64,2026-09-17,714,N21,VIIRS,n,2.0NRT,293.77,11.3,D
9.08144,77.9013,330.4,0.55,0.68,2026-09-17,854,N21,VIIRS,n,2.0NRT,289.38,5.09,D
8.2431,80.32059,343.84,0.37,0.58,2026-09-18,835,N21,VIIRS,n,2.0NRT,289.81,2.91,D
8.28809,80.29454,331.08,0.37,0.58,2026-09-18,835,N21,VIIRS,n,2.0NRT,292.5,2.25,D
8.38403,77.55009,342.51,0.47,0.48,2026-09-18,835,N21,VIIRS,n,2.0NRT,299.7,8.4,D
8.58515,77.63615,339.62,0.48,0.48,2026-09-18,835,N21,VIIRS,n,2.0NRT,298.02,8.53,D
8.76047,77.37704,341.5,0.47,0.48,2026-09-18,835,N21,VIIRS,n,2.0NRT,301.22,4.35,D
8.81401,80.06055,330.45,0.36,0.57,2026-09-18,835,N21,VIIRS,n,2.0NRT,293.85,3.11,D
8.81444,80.06377,331.43,0.36,0.57,2026-09-18,835,N21,VIIRS,n,2.0NRT,294.1,3.16,D
8.81461,80.06068,331.98,0.36,0.57,2026-09-18,835,N21,VIIRS,n,2.0NRT,293.83,3.69,D
8.82557,77.65616,333.05,0.49,0.49,2026-09-18,835,N21,VIIRS,n,2.0NRT,299.61,3.29,D
8.82665,77.65818,331.79,0.49,0.49,2026-09-18,835,N21,VIIRS,n,2.0NRT,299.3,3.33,D
8.82765,77.63779,335.89,0.49,0.48,2026-09-18,835,N21,VIIRS,n,2.0NRT,299.78,7.16,D
8.82824,77.64222,341.96,0.49,0.48,2026-09-18,835,N21,VIIRS,n,2.0NRT,300.37,9.79,D
8.8286,77.63986,347.98,0.49,0.48,2026-09-18,835,N21,VIIRS,n,2.0NRT,301.15,15.08,D
8.88433,77.7896,342.8,0.5,0.49,2026-09-18,835,N21,VIIRS,n,2.0NRT,300.18,11.48,D
8.88981,77.72916,353.93,0.5,0.49,2026-09-18,835,N21,VIIRS,n,2.0NRT,299.23,7.95,D
8.97558,76.81163,335.36,0.43,0.46,2026-09-18,835,N21,VIIRS,n,2.0NRT,292.59,3.86,D
9.08242,80.31558,344.6,0.38,0.58,2026-09-18,835,N21,VIIRS,n,2.0NRT,292.7,5.9,D
9.08777,80.31487,341.02,0.38,0.58,2026-09-18,835,N21,VIIRS,n,2.0NRT,293.24,5.9,D
9.10295,80.3059,348.57,0.38,0.58,2026-09-18,835,N21,VIIRS,n,2.0NRT,291.22,5.75,D
9.12303,80.29285,335.59,0.38,0.58,2026-09-18,835,N21,VIIRS,n,2.0NRT,291.14,2.28,D
9.17755,77.85369,333.13,0.51,0.49,2026-09-18,835,N21,VIIRS,n,2.0NRT,295.58,4.3,D
9.28672,78.20463,344.62,0.54,0.51,2026-09-18,835,N21,VIIRS,n,2.0NRT,304.71,26.8,D
9.30818,77.46856,331.66,0.48,0.48,2026-09-18,835,N21,VIIRS,n,2.0NRT,297.35,4.97,D
9.60575,78.4659,352.21,0.57,0.52,2026-09-18,835,N21,VIIRS,n,2.0NRT,295.18,8.27,D
9.6119,78.40235,349.11,0.56,0.52,2026-09-18,835,N21,VIIRS,n,2.0NRT,301.61,22.97,D
9.68896,77.82114,334.56,0.52,0.5,2026-09-18,835,N21,VIIRS,n,2.0NRT,299.89,7.93,D
9.95901,79.10687,339.8,0.32,0.55,2026-09-18,835,N21,VIIRS,n,2.0NRT,294.72,2.0,D
10.44981,79.58291,334.5,0.35,0.57,2026-09-18,837,N21,VIIRS,n,2.0NRT,293.39,4.48,D
10.56491,79.17277,344.28,0.33,0.55,2026-09-18,837,N21,VIIRS,n,2.0NRT,295.44,4.85,D
11.01922,79.29468,332.95,0.34,0.56,2026-09-18,837,N21,VIIRS,n,2.0NRT,289.99,4.1,D
11.68966,79.06055,367.0,0.34,0.56,2026-09-18,837,N21,VIIRS,h,2.0NRT,290.15,6.52,D
11.88698,79.25803,342.16,0.35,0.57,2026-09-18,837,N21,VIIRS,n,2.0NRT,292.69,5.16,D
12.25466,79.15068,336.14,0.35,0.56,2026-09-18,837,N21,VIIRS,n,2.0NRT,290.47,3.54,D
9.52283,78.82097,300.98,0.54,0.68,2026-09-18,1930,N21,VIIRS,n,2.0NRT,274.96,1.87,N
8.05586,80.08471,332.63,0.51,0.41,2026-09-19,816,N21,VIIRS,n,2.0NRT,288.96,5.2,D
8.05652,80.08934,330.86,0.51,0.41,2026-09-19,816,N21,VIIRS,n,2.0NRT,290.12,5.2,D
8.21635,77.71369,338.33,0.41,0.37,2026-09-19,816,N21,VIIRS,n,2.0NRT,300.06,6.2,D
8.582,78.07313,336.65,0.42,0.38,2026-09-19,816,N21,VIIRS,n,2.0NRT,293.58,3.5,D
10.20214,78.45383,334.59,0.45,0.39,2026-09-19,816,N21,VIIRS,n,2.0NRT,299.49,2.95,D
12.08997,76.92316,336.06,0.41,0.37,2026-09-19,816,N21,VIIRS,n,2.0NRT,299.73,4.54,D
12.09817,76.74437,337.49,0.4,0.37,2026-09-19,816,N21,VIIRS,n,2.0NRT,302.48,4.94,D
12.41293,80.09139,330.22,0.39,0.44,2026-09-19,816,N21,VIIRS,n,2.0NRT,296.5,2.55,D
12.56155,76.31815,337.61,0.4,0.37,2026-09-19,816,N21,VIIRS,n,2.0NRT,293.05,4.41,D
12.58635,77.62064,342.69,0.44,0.38,2026-09-19,816,N21,VIIRS,n,2.0NRT,300.18,6.64,D
8.46473,80.40571,302.55,0.49,0.65,2026-09-19,2051,N21,VIIRS,n,2.0NRT,283.11,2.76,N
9.13704,77.80103,332.18,0.45,0.39,2026-09-20,758,N21,VIIRS,l,2.0NRT,297.15,7.18,D
9.32728,77.40293,334.27,0.46,0.39,2026-09-20,758,N21,VIIRS,n,2.0NRT,297.87,9.11,D
8.69127,80.45773,350.58,0.39,0.44,2026-09-21,737,N21,VIIRS,n,2.0NRT,295.19,12.2,D
8.69526,80.45707,330.87,0.39,0.44,2026-09-21,737,N21,VIIRS,n,2.0NRT,294.76,4.72,D
13.34372,77.71157,336.99,0.49,0.49,2026-09-21,739,N21,VIIRS,n,2.0NRT,293.54,5.53,D
13.3439,77.7095,336.95,0.49,0.49,2026-09-21,739,N21,VIIRS,n,2.0NRT,294.03,10.02,D
8.66142,78.05058,337.36,0.6,0.7,2026-09-22,720,N21,VIIRS,n,2.0NRT,287.77,3.93,D
8.67295,77.47455,337.27,0.65,0.73,2026-09-22,720,N21,VIIRS,n,2.0NRT,286.31,14.12,D
8.67955,77.47332,355.6,0.65,0.73,2026-09-22,720,N21,VIIRS,l,2.0NRT,288.24,14.12,D
9.08463,80.3308,330.56,0.41,0.61,2026-09-22,720,N21,VIIRS,n,2.0NRT,291.7,4.63,D
11.26746,80.00343,303.47,0.54,0.42,2026-09-22,1953,N21,VIIRS,n,2.0NRT,265.91,2.32,N
12.7465,77.62124,308.43,0.53,0.5,2026-09-22,1953,N21,VIIRS,n,2.0NRT,277.04,1.41,N
9.26444,77.48404,308.03,0.48,0.48,2026-09-22,1955,N21,VIIRS,n,2.0NRT,266.6,1.15,N
9.26447,77.48221,307.25,0.48,0.48,2026-09-22,1955,N21,VIIRS,n,2.0NRT,266.74,1.68,N
8.81421,77.98473,331.35,0.33,0.55,2026-09-23,839,N21,VIIRS,n,2.0NRT,296.21,1.76,D
8.83951,77.94158,336.76,0.33,0.55,2026-09-23,839,N21,VIIRS,n,2.0NRT,296.24,10.74,D
8.83991,77.94456,367.0,0.33,0.55,2026-09-23,839,N21,VIIRS,h,2.0NRT,298.06,10.74,D
8.91761,78.07673,367.0,0.34,0.56,2026-09-23,839,N21,VIIRS,h,2.0NRT,295.45,4.49,D
8.918,78.07979,332.21,0.34,0.56,2026-09-23,839,N21,VIIRS,n,2.0NRT,294.37,4.49,D
8.91941,78.07498,332.18,0.34,0.56,2026-09-23,839,N21,VIIRS,n,2.0NRT,294.55,4.29,D
8.91982,78.07803,367.0,0.34,0.56,2026-09-23,839,N21,VIIRS,h,2.0NRT,295.65,7.43,D
9.0476,78.19106,331.03,0.34,0.56,2026-09-23,839,N21,VIIRS,n,2.0NRT,288.67,1.45,D
